{"v":"5.10.2","fr":23.9759979248047,"ip":0,"op":103.999990998485,"w":1800,"h":600,"nm":"Preloader","ddd":0,"assets":[{"id":"comp_0","nm":"Logo","fr":60,"layers":[{"ddd":0,"ind":1,"ty":0,"nm":"Logo - TM","parent":7,"refId":"comp_1","sr":1,"ks":{"o":{"a":0,"k":100,"ix":11},"r":{"a":0,"k":0,"ix":10},"p":{"s":true,"x":{"a":0,"k":1293,"ix":3},"y":{"a":0,"k":172,"ix":4}},"a":{"a":0,"k":[25,75,0],"ix":1,"l":2},"s":{"a":0,"k":[100,100,100],"ix":6,"l":2}},"ao":0,"w":50,"h":150,"ip":0,"op":95.9039916992188,"st":0,"bm":0},{"ddd":0,"ind":2,"ty":0,"nm":"Logo - L","parent":7,"refId":"comp_2","sr":1,"ks":{"o":{"a":0,"k":100,"ix":11},"r":{"a":0,"k":0,"ix":10},"p":{"s":true,"x":{"a":0,"k":1188,"ix":3},"y":{"a":0,"k":-19,"ix":4}},"a":{"a":0,"k":[250,250,0],"ix":1,"l":2},"s":{"a":0,"k":[100,100,100],"ix":6,"l":2}},"ao":0,"w":500,"h":500,"ip":0,"op":95.9039916992188,"st":0,"bm":0},{"ddd":0,"ind":3,"ty":0,"nm":"Logo - E 2","parent":7,"refId":"comp_3","sr":1,"ks":{"o":{"a":0,"k":100,"ix":11},"r":{"a":0,"k":0,"ix":10},"p":{"s":true,"x":{"a":0,"k":977,"ix":3},"y":{"a":0,"k":0,"ix":4}},"a":{"a":0,"k":[250,250,0],"ix":1,"l":2},"s":{"a":0,"k":[100,100,100],"ix":6,"l":2}},"ao":0,"w":500,"h":500,"ip":0,"op":95.9039916992188,"st":0,"bm":0},{"ddd":0,"ind":4,"ty":0,"nm":"Logo - C","parent":7,"refId":"comp_4","sr":1,"ks":{"o":{"a":0,"k":100,"ix":11},"r":{"a":0,"k":0,"ix":10},"p":{"s":true,"x":{"a":0,"k":593.5,"ix":3},"y":{"a":0,"k":36,"ix":4}},"a":{"a":0,"k":[250,250,0],"ix":1,"l":2},"s":{"a":0,"k":[100,100,100],"ix":6,"l":2}},"ao":0,"w":500,"h":500,"ip":0,"op":95.9039916992188,"st":0,"bm":0},{"ddd":0,"ind":5,"ty":0,"nm":"Logo - X","parent":7,"refId":"comp_5","sr":1,"ks":{"o":{"a":0,"k":100,"ix":11},"r":{"a":0,"k":0,"ix":10},"p":{"s":true,"x":{"a":0,"k":280,"ix":3},"y":{"a":0,"k":36,"ix":4}},"a":{"a":0,"k":[250,250,0],"ix":1,"l":2},"s":{"a":0,"k":[100,100,100],"ix":6,"l":2}},"ao":0,"w":500,"h":500,"ip":0,"op":95.9039916992188,"st":0,"bm":0},{"ddd":0,"ind":6,"ty":0,"nm":"Logo - E 1","parent":7,"refId":"comp_6","sr":1,"ks":{"o":{"a":0,"k":100,"ix":11},"r":{"a":0,"k":0,"ix":10},"p":{"s":true,"x":{"a":0,"k":0,"ix":3},"y":{"a":0,"k":0.5,"ix":4}},"a":{"a":0,"k":[250,250,0],"ix":1,"l":2},"s":{"a":0,"k":[100,100,100],"ix":6,"l":2}},"ao":0,"w":500,"h":500,"ip":0,"op":95.9039916992188,"st":0,"bm":0},{"ddd":0,"ind":7,"ty":3,"nm":"Null","sr":1,"ks":{"o":{"a":0,"k":0,"ix":11},"r":{"a":0,"k":0,"ix":10},"p":{"s":true,"x":{"a":1,"k":[{"i":{"x":[0.25],"y":[1]},"o":{"x":[0.75],"y":[0]},"t":27.972,"s":[1000]},{"t":55.9439951578776,"s":[439]}],"ix":3},"y":{"a":0,"k":1000,"ix":4}},"a":{"a":0,"k":[0,0,0],"ix":1,"l":2},"s":{"a":0,"k":[100,100,100],"ix":6,"l":2}},"ao":0,"ip":0,"op":95.9039916992188,"st":0,"bm":0}]},{"id":"comp_1","nm":"Logo - TM","fr":60,"layers":[{"ddd":0,"ind":1,"ty":4,"nm":"logo - tm","sr":1,"ks":{"o":{"a":0,"k":100,"ix":11},"r":{"a":0,"k":0,"ix":10},"p":{"a":0,"k":[25.17,75.068,0],"ix":2,"l":2},"a":{"a":0,"k":[1692.17,694.068,0],"ix":1,"l":2},"s":{"a":0,"k":[100,100,100],"ix":6,"l":2}},"ao":0,"shapes":[{"ty":"gr","it":[{"ty":"gr","it":[{"ind":0,"ty":"sh","ix":1,"ks":{"a":0,"k":{"i":[[0,0],[0,0],[0,0],[0,0],[0,0],[0,0],[0,0],[0,0],[0,0],[0,0],[0,0],[0,0],[0,0]],"o":[[0,0],[0,0],[0,0],[0,0],[0,0],[0,0],[0,0],[0,0],[0,0],[0,0],[0,0],[0,0],[0,0]],"v":[[0.04,3.919],[6.74,-7.284],[9.04,-7.284],[9.04,7.284],[6.3,7.284],[6.3,-1.914],[0.63,7.284],[-0.73,7.284],[-6.31,-1.81],[-6.31,7.284],[-9.04,7.284],[-9.04,-7.284],[-6.72,-7.284]],"c":true},"ix":2},"nm":"Path 1","mn":"ADBE Vector Shape - Group","hd":false},{"ty":"fl","c":{"a":0,"k":[1,1,1,1],"ix":4},"o":{"a":0,"k":100,"ix":5},"r":1,"bm":0,"nm":"Fill 1","mn":"ADBE Vector Graphic - Fill","hd":false},{"ty":"tr","p":{"a":0,"k":[1699.96,694.068],"ix":2},"a":{"a":0,"k":[0,0],"ix":1},"s":{"a":0,"k":[100,100],"ix":3},"r":{"a":0,"k":0,"ix":6},"o":{"a":0,"k":100,"ix":7},"sk":{"a":0,"k":0,"ix":4},"sa":{"a":0,"k":0,"ix":5},"nm":"Transform"}],"nm":"Group 1","np":2,"cix":2,"bm":0,"ix":1,"mn":"ADBE Vector Group","hd":false},{"ty":"gr","it":[{"ind":0,"ty":"sh","ix":1,"ks":{"a":0,"k":{"i":[[0,0],[0,0],[0,0],[0,0],[0,0],[0,0],[0,0],[0,0]],"o":[[0,0],[0,0],[0,0],[0,0],[0,0],[0,0],[0,0],[0,0]],"v":[[1.27,7.284],[-1.28,7.284],[-1.28,-4.801],[-6.53,-4.801],[-6.53,-7.284],[6.53,-7.284],[6.53,-4.801],[1.27,-4.801]],"c":true},"ix":2},"nm":"Path 1","mn":"ADBE Vector Shape - Group","hd":false},{"ty":"fl","c":{"a":0,"k":[1,1,1,1],"ix":4},"o":{"a":0,"k":100,"ix":5},"r":1,"bm":0,"nm":"Fill 1","mn":"ADBE Vector Graphic - Fill","hd":false},{"ty":"tr","p":{"a":0,"k":[1681.87,694.068],"ix":2},"a":{"a":0,"k":[0,0],"ix":1},"s":{"a":0,"k":[100,100],"ix":3},"r":{"a":0,"k":0,"ix":6},"o":{"a":0,"k":100,"ix":7},"sk":{"a":0,"k":0,"ix":4},"sa":{"a":0,"k":0,"ix":5},"nm":"Transform"}],"nm":"Group 2","np":2,"cix":2,"bm":0,"ix":2,"mn":"ADBE Vector Group","hd":false},{"ty":"tr","p":{"a":1,"k":[{"i":{"x":0.5,"y":1},"o":{"x":0.167,"y":0.167},"t":47.153,"s":[1692.17,743.068],"to":[0,0],"ti":[0,0]},{"i":{"x":0.5,"y":0.5},"o":{"x":0.167,"y":0.167},"t":61.938,"s":[1692.17,694.068],"to":[0,0],"ti":[0,0]},{"i":{"x":0.5,"y":1},"o":{"x":0.5,"y":0},"t":77.123,"s":[1692.17,694.068],"to":[0,0],"ti":[0,0]},{"t":93.1067919413249,"s":[1692.17,743.068]}],"ix":2},"a":{"a":0,"k":[1692.17,694.068],"ix":1},"s":{"a":0,"k":[100,100],"ix":3},"r":{"a":0,"k":0,"ix":6},"o":{"a":1,"k":[{"t":0,"s":[0],"h":1},{"t":47.153,"s":[100],"h":1},{"t":85.1147926330566,"s":[0],"h":1}],"ix":7},"sk":{"a":0,"k":0,"ix":4},"sa":{"a":0,"k":0,"ix":5},"nm":"Transform"}],"nm":"Group 1","np":2,"cix":2,"bm":0,"ix":1,"mn":"ADBE Vector Group","hd":false}],"ip":0,"op":119.999989613637,"st":0,"ct":1,"bm":0}]},{"id":"comp_2","nm":"Logo - L","fr":60,"layers":[{"ddd":0,"ind":1,"ty":4,"nm":"logo - l","sr":1,"ks":{"o":{"a":0,"k":100,"ix":11},"r":{"a":0,"k":0,"ix":10},"p":{"a":0,"k":[249.93,448.352,0],"ix":2,"l":2},"a":{"a":0,"k":[0,198.176,0],"ix":1,"l":2},"s":{"a":1,"k":[{"i":{"x":[0.5,0.5,0.5],"y":[1,1,1]},"o":{"x":[0.5,0.5,0.5],"y":[0,0,0]},"t":43.157,"s":[100,0,100]},{"i":{"x":[0.5,0.5,0.5],"y":[1,1,1]},"o":{"x":[0.5,0.5,0.5],"y":[0,0,0]},"t":59.94,"s":[100,100,100]},{"i":{"x":[0.5,0.5,0.5],"y":[1,1,1]},"o":{"x":[0.5,0.5,0.5],"y":[0,0,0]},"t":77.123,"s":[100,100,100]},{"t":93.1067919413249,"s":[100,0,100]}],"ix":6,"l":2}},"ao":0,"shapes":[{"ty":"gr","it":[{"ind":0,"ty":"sh","ix":1,"ks":{"a":0,"k":{"i":[[0,0],[0,0],[0,0],[0,0]],"o":[[0,0],[0,0],[0,0],[0,0]],"v":[[32.65,198.176],[-32.65,198.176],[-32.65,-198.176],[32.65,-198.176]],"c":true},"ix":2},"nm":"Path 1","mn":"ADBE Vector Shape - Group","hd":false},{"ty":"fl","c":{"a":0,"k":[1,1,1,1],"ix":4},"o":{"a":0,"k":100,"ix":5},"r":1,"bm":0,"nm":"Fill 1","mn":"ADBE Vector Graphic - Fill","hd":false},{"ty":"tr","p":{"a":0,"k":[0,0],"ix":2},"a":{"a":0,"k":[0,0],"ix":1},"s":{"a":0,"k":[100,100],"ix":3},"r":{"a":0,"k":0,"ix":6},"o":{"a":1,"k":[{"t":0,"s":[0],"h":1},{"t":45.954,"s":[100],"h":1},{"t":91.1087921142578,"s":[0],"h":1}],"ix":7},"sk":{"a":0,"k":0,"ix":4},"sa":{"a":0,"k":0,"ix":5},"nm":"Transform"}],"nm":"Group 2","np":2,"cix":2,"bm":0,"ix":1,"mn":"ADBE Vector Group","hd":false}],"ip":0,"op":119.999989613637,"st":0,"ct":1,"bm":0}]},{"id":"comp_3","nm":"Logo - E 2","fr":60,"layers":[{"ddd":0,"ind":1,"ty":4,"nm":"logo - e outer","sr":1,"ks":{"o":{"a":1,"k":[{"t":0,"s":[0],"h":1},{"t":45.155,"s":[100],"h":1},{"t":89.1107922871908,"s":[0],"h":1}],"ix":11},"r":{"a":0,"k":0,"ix":10},"p":{"s":true,"x":{"a":0,"k":250,"ix":3},"y":{"a":0,"k":249.5,"ix":4}},"a":{"a":0,"k":[0,0,0],"ix":1,"l":2},"s":{"a":0,"k":[100,100,100],"ix":6,"l":2}},"ao":0,"hasMask":true,"masksProperties":[{"inv":false,"mode":"a","pt":{"a":1,"k":[{"i":{"x":0.5,"y":1},"o":{"x":0.5,"y":0},"t":41.159,"s":[{"i":[[63.924,0],[0,-64.052],[-63.924,0],[0,64.052]],"o":[[-63.924,0],[0,64.052],[63.924,0],[0,-64.052]],"v":[[-0.006,-115.5],[-115.75,0.476],[-0.006,116.451],[115.738,0.476]],"c":true}]},{"t":53.9459953308105,"s":[{"i":[[103.139,0],[0,-103.345],[-103.139,0],[0,103.345]],"o":[[-103.139,0],[0,103.345],[103.139,0],[0,-103.345]],"v":[[0,-186.654],[-186.75,0.47],[0,187.593],[186.75,0.47]],"c":true}]}],"ix":1},"o":{"a":0,"k":100,"ix":3},"x":{"a":0,"k":0,"ix":4},"nm":"Mask 1"},{"inv":false,"mode":"s","pt":{"a":0,"k":{"i":[[63.927,0],[0,-64.055],[-63.927,0],[0,64.055]],"o":[[-63.927,0],[0,64.055],[63.927,0],[0,-64.055]],"v":[[0,-115.511],[-115.75,0.47],[0,116.452],[115.75,0.47]],"c":true},"ix":1},"o":{"a":0,"k":100,"ix":3},"x":{"a":0,"k":0,"ix":4},"nm":"Mask 2"},{"inv":false,"mode":"i","pt":{"a":1,"k":[{"i":{"x":0.833,"y":0.833},"o":{"x":0.167,"y":0.167},"t":75.125,"s":[{"i":[[0,0],[0,0],[0,0],[0,0]],"o":[[0,0],[0,0],[0,0],[0,0]],"v":[[0.062,0.531],[-250,0.531],[-250,251.094],[0.062,251.094]],"c":true}]},{"i":{"x":0.833,"y":0.833},"o":{"x":0.167,"y":0.167},"t":75.524,"s":[{"i":[[0,0],[0,0],[0,0],[0,0]],"o":[[0,0],[0,0],[0,0],[0,0]],"v":[[0.062,0.531],[-250,0.531],[-250,251.094],[-0.413,250.737]],"c":true}]},{"i":{"x":0.833,"y":0.833},"o":{"x":0.167,"y":0.167},"t":75.924,"s":[{"i":[[0,0],[0,0],[0,0],[0,0]],"o":[[0,0],[0,0],[0,0],[0,0]],"v":[[0.062,0.531],[-250,0.531],[-250,251.094],[-1.606,250.389]],"c":true}]},{"i":{"x":0.833,"y":0.833},"o":{"x":0.167,"y":0.167},"t":76.324,"s":[{"i":[[0,0],[0,0],[0,0],[0,0]],"o":[[0,0],[0,0],[0,0],[0,0]],"v":[[0.062,0.531],[-250,0.531],[-250,251.094],[-3.133,250.291]],"c":true}]},{"i":{"x":0.833,"y":0.833},"o":{"x":0.167,"y":0.167},"t":76.723,"s":[{"i":[[0,0],[0,0],[0,0],[0,0]],"o":[[0,0],[0,0],[0,0],[0,0]],"v":[[0.062,0.531],[-250,0.531],[-250,251.094],[-5.911,250.567]],"c":true}]},{"i":{"x":0.833,"y":0.833},"o":{"x":0.167,"y":0.167},"t":77.123,"s":[{"i":[[0,0],[0,0],[0,0],[0,0]],"o":[[0,0],[0,0],[0,0],[0,0]],"v":[[0.062,0.531],[-250,0.531],[-250,251.094],[-9.438,249.469]],"c":true}]},{"i":{"x":0.833,"y":0.833},"o":{"x":0.167,"y":0.167},"t":77.522,"s":[{"i":[[0,0],[0,0],[0,0],[0,0]],"o":[[0,0],[0,0],[0,0],[0,0]],"v":[[0.062,0.531],[-250,0.531],[-250,251.094],[-13.863,248.819]],"c":true}]},{"i":{"x":0.833,"y":0.833},"o":{"x":0.167,"y":0.167},"t":77.922,"s":[{"i":[[0,0],[0,0],[0,0],[0,0]],"o":[[0,0],[0,0],[0,0],[0,0]],"v":[[0.062,0.531],[-250,0.531],[-250,251.094],[-19.131,248.45]],"c":true}]},{"i":{"x":0.833,"y":0.833},"o":{"x":0.167,"y":0.167},"t":78.322,"s":[{"i":[[0,0],[0,0],[0,0],[0,0]],"o":[[0,0],[0,0],[0,0],[0,0]],"v":[[0.062,0.531],[-250,0.531],[-250,251.094],[-25.525,247.706]],"c":true}]},{"i":{"x":0.833,"y":0.833},"o":{"x":0.167,"y":0.167},"t":78.721,"s":[{"i":[[0,0],[0,0],[0,0],[0,0]],"o":[[0,0],[0,0],[0,0],[0,0]],"v":[[0.062,0.531],[-250,0.531],[-250,251.094],[-32.981,246.525]],"c":true}]},{"i":{"x":0.833,"y":0.833},"o":{"x":0.167,"y":0.167},"t":79.121,"s":[{"i":[[0,0],[0,0],[0,0],[0,0]],"o":[[0,0],[0,0],[0,0],[0,0]],"v":[[0.062,0.531],[-250,0.531],[-250,251.094],[-41.313,244.594]],"c":true}]},{"i":{"x":0.833,"y":0.833},"o":{"x":0.167,"y":0.167},"t":79.52,"s":[{"i":[[0,0],[0,0],[0,0],[0,0]],"o":[[0,0],[0,0],[0,0],[0,0]],"v":[[0.062,0.531],[-250,0.531],[-250,251.094],[-51.438,243.494]],"c":true}]},{"i":{"x":0.833,"y":0.833},"o":{"x":0.167,"y":0.167},"t":79.92,"s":[{"i":[[0,0],[0,0],[0,0],[0,0]],"o":[[0,0],[0,0],[0,0],[0,0]],"v":[[0.062,0.531],[-250,0.531],[-250,251.094],[-62.688,241.894]],"c":true}]},{"i":{"x":0.833,"y":0.833},"o":{"x":0.167,"y":0.167},"t":80.32,"s":[{"i":[[0,0],[0,0],[0,0],[0,0]],"o":[[0,0],[0,0],[0,0],[0,0]],"v":[[0.062,0.531],[-250,0.531],[-250,251.094],[-75.396,240.21]],"c":true}]},{"i":{"x":0.833,"y":0.833},"o":{"x":0.167,"y":0.167},"t":80.719,"s":[{"i":[[0,0],[0,0],[0,0],[0,0]],"o":[[0,0],[0,0],[0,0],[0,0]],"v":[[0.062,0.531],[-250,0.531],[-250,251.094],[-89.417,237.652]],"c":true}]},{"i":{"x":0.833,"y":0.833},"o":{"x":0.167,"y":0.167},"t":81.119,"s":[{"i":[[0,0],[0,0],[0,0],[0,0]],"o":[[0,0],[0,0],[0,0],[0,0]],"v":[[0.062,0.531],[-250,0.531],[-250,251.094],[-104.938,234.594]],"c":true}]},{"i":{"x":0.833,"y":0.833},"o":{"x":0.167,"y":0.167},"t":81.518,"s":[{"i":[[0,0],[0,0],[0,0],[0,0]],"o":[[0,0],[0,0],[0,0],[0,0]],"v":[[0.062,0.531],[-250,0.531],[-250,224.144],[-116.413,219.594]],"c":true}]},{"i":{"x":0.833,"y":0.833},"o":{"x":0.167,"y":0.167},"t":81.918,"s":[{"i":[[0,0],[0,0],[0,0],[0,0]],"o":[[0,0],[0,0],[0,0],[0,0]],"v":[[0.062,0.531],[-250,0.531],[-250,197.194],[-127.856,204.656]],"c":true}]},{"i":{"x":0.833,"y":0.833},"o":{"x":0.167,"y":0.167},"t":82.318,"s":[{"i":[[0,0],[0,0],[0,0],[0,0]],"o":[[0,0],[0,0],[0,0],[0,0]],"v":[[0.062,0.531],[-250,0.531],[-250,170.244],[-139.133,189.802]],"c":true}]},{"i":{"x":0.833,"y":0.833},"o":{"x":0.167,"y":0.167},"t":82.717,"s":[{"i":[[0,0],[0,0],[0,0],[0,0]],"o":[[0,0],[0,0],[0,0],[0,0]],"v":[[0.062,0.531],[-250,0.531],[-250,143.294],[-150.661,175.323]],"c":true}]},{"i":{"x":0.833,"y":0.833},"o":{"x":0.167,"y":0.167},"t":83.117,"s":[{"i":[[0,0],[0,0],[0,0],[0,0]],"o":[[0,0],[0,0],[0,0],[0,0]],"v":[[0.062,0.531],[-250,0.531],[-250,116.344],[-161.688,160.844]],"c":true}]},{"i":{"x":0.833,"y":0.833},"o":{"x":0.167,"y":0.167},"t":83.516,"s":[{"i":[[0,0],[0,0],[0,0],[0,0]],"o":[[0,0],[0,0],[0,0],[0,0]],"v":[[0.062,0.531],[-250,0.531],[-250,96.194],[-168.413,143.469]],"c":true}]},{"i":{"x":0.833,"y":0.833},"o":{"x":0.167,"y":0.167},"t":83.916,"s":[{"i":[[0,0],[0,0],[0,0],[0,0]],"o":[[0,0],[0,0],[0,0],[0,0]],"v":[[0.062,0.531],[-250,0.531],[-250,76.044],[-174.356,126.875]],"c":true}]},{"i":{"x":0.833,"y":0.833},"o":{"x":0.167,"y":0.167},"t":84.316,"s":[{"i":[[0,0],[0,0],[0,0],[0,0]],"o":[[0,0],[0,0],[0,0],[0,0]],"v":[[0.062,0.531],[-250,0.531],[-250,55.894],[-179.967,111.281]],"c":true}]},{"i":{"x":0.833,"y":0.833},"o":{"x":0.167,"y":0.167},"t":84.715,"s":[{"i":[[0,0],[0,0],[0,0],[0,0]],"o":[[0,0],[0,0],[0,0],[0,0]],"v":[[0.062,0.531],[-250,0.531],[-250,35.744],[-184.702,97.062]],"c":true}]},{"i":{"x":0.833,"y":0.833},"o":{"x":0.167,"y":0.167},"t":85.115,"s":[{"i":[[0,0],[0,0],[0,0],[0,0]],"o":[[0,0],[0,0],[0,0],[0,0]],"v":[[0.062,0.531],[-250,0.531],[-250,15.594],[-189.563,84.219]],"c":true}]},{"i":{"x":0.833,"y":0.833},"o":{"x":0.167,"y":0.167},"t":85.514,"s":[{"i":[[0,0],[0,0],[0,0],[0,0]],"o":[[0,0],[0,0],[0,0],[0,0]],"v":[[0.062,0.531],[-250,0.531],[-250,13.719],[-194.088,72.319]],"c":true}]},{"i":{"x":0.833,"y":0.833},"o":{"x":0.167,"y":0.167},"t":85.914,"s":[{"i":[[0,0],[0,0],[0,0],[0,0]],"o":[[0,0],[0,0],[0,0],[0,0]],"v":[[0.062,0.531],[-250,0.531],[-250,11.844],[-198.675,61.575]],"c":true}]},{"i":{"x":0.833,"y":0.833},"o":{"x":0.167,"y":0.167},"t":86.314,"s":[{"i":[[0,0],[0,0],[0,0],[0,0]],"o":[[0,0],[0,0],[0,0],[0,0]],"v":[[0.062,0.531],[-250,0.531],[-250,9.969],[-203.138,51.956]],"c":true}]},{"i":{"x":0.833,"y":0.833},"o":{"x":0.167,"y":0.167},"t":86.713,"s":[{"i":[[0,0],[0,0],[0,0],[0,0]],"o":[[0,0],[0,0],[0,0],[0,0]],"v":[[0.062,0.531],[-250,0.531],[-250,8.094],[-207.038,43.15]],"c":true}]},{"i":{"x":0.833,"y":0.833},"o":{"x":0.167,"y":0.167},"t":87.113,"s":[{"i":[[0,0],[0,0],[0,0],[0,0]],"o":[[0,0],[0,0],[0,0],[0,0]],"v":[[0.062,0.531],[-250,0.531],[-250,6.219],[-212.188,35.344]],"c":true}]},{"i":{"x":0.833,"y":0.833},"o":{"x":0.167,"y":0.167},"t":87.512,"s":[{"i":[[0,0],[0,0],[0,0],[0,0]],"o":[[0,0],[0,0],[0,0],[0,0]],"v":[[0.062,0.531],[-250,0.531],[-250,5.644],[-214.375,28.131]],"c":true}]},{"i":{"x":0.833,"y":0.833},"o":{"x":0.167,"y":0.167},"t":87.912,"s":[{"i":[[0,0],[0,0],[0,0],[0,0]],"o":[[0,0],[0,0],[0,0],[0,0]],"v":[[0.062,0.531],[-250,0.531],[-250,5.069],[-215.547,21.653]],"c":true}]},{"i":{"x":0.833,"y":0.833},"o":{"x":0.167,"y":0.167},"t":88.312,"s":[{"i":[[0,0],[0,0],[0,0],[0,0]],"o":[[0,0],[0,0],[0,0],[0,0]],"v":[[0.062,0.531],[-250,0.531],[-250,4.494],[-216.011,16.196]],"c":true}]},{"i":{"x":0.833,"y":0.833},"o":{"x":0.167,"y":0.167},"t":88.711,"s":[{"i":[[0,0],[0,0],[0,0],[0,0]],"o":[[0,0],[0,0],[0,0],[0,0]],"v":[[0.062,0.531],[-250,0.531],[-250,3.919],[-216.287,11.645]],"c":true}]},{"i":{"x":0.833,"y":0.833},"o":{"x":0.167,"y":0.167},"t":89.111,"s":[{"i":[[0,0],[0,0],[0,0],[0,0]],"o":[[0,0],[0,0],[0,0],[0,0]],"v":[[0.062,0.531],[-250,0.531],[-250,3.344],[-216.563,7.719]],"c":true}]},{"i":{"x":0.833,"y":0.833},"o":{"x":0.167,"y":0.167},"t":89.51,"s":[{"i":[[0,0],[0,0],[0,0],[0,0]],"o":[[0,0],[0,0],[0,0],[0,0]],"v":[[0.062,0.531],[-250,0.531],[-250,2.533],[-217.15,4.908]],"c":true}]},{"i":{"x":0.833,"y":0.833},"o":{"x":0.167,"y":0.167},"t":89.91,"s":[{"i":[[0,0],[0,0],[0,0],[0,0]],"o":[[0,0],[0,0],[0,0],[0,0]],"v":[[0.062,0.531],[-250,0.531],[-250,1.723],[-217.775,2.473]],"c":true}]},{"i":{"x":0.833,"y":0.833},"o":{"x":0.167,"y":0.167},"t":90.31,"s":[{"i":[[0,0],[0,0],[0,0],[0,0]],"o":[[0,0],[0,0],[0,0],[0,0]],"v":[[0.062,0.531],[-250,0.531],[-250,0.912],[-218.194,1.256]],"c":true}]},{"i":{"x":0.833,"y":0.833},"o":{"x":0.167,"y":0.167},"t":90.709,"s":[{"i":[[0,0],[0,0],[0,0],[0,0]],"o":[[0,0],[0,0],[0,0],[0,0]],"v":[[0.062,0.531],[-250,0.531],[-250,0.769],[-218.738,1.019]],"c":true}]},{"t":91.1087921142578,"s":[{"i":[[0,0],[0,0],[0,0],[0,0]],"o":[[0,0],[0,0],[0,0],[0,0]],"v":[[0.062,0.531],[-250,0.531],[-250,0.594],[-218.813,0.594]],"c":true}]}],"ix":1},"o":{"a":0,"k":100,"ix":3},"x":{"a":0,"k":0,"ix":4},"nm":"Mask 3"}],"shapes":[{"ty":"gr","it":[{"ty":"rc","d":1,"s":{"a":0,"k":[500,501],"ix":2},"p":{"a":0,"k":[0,0],"ix":3},"r":{"a":0,"k":0,"ix":4},"nm":"Rectangle Path 1","mn":"ADBE Vector Shape - Rect","hd":false},{"ty":"fl","c":{"a":0,"k":[0.960784014534,0.960784014534,0.960784014534,1],"ix":4},"o":{"a":0,"k":100,"ix":5},"r":1,"bm":0,"nm":"Fill 1","mn":"ADBE Vector Graphic - Fill","hd":false},{"ty":"tr","p":{"a":0,"k":[0,0],"ix":2},"a":{"a":0,"k":[0,0],"ix":1},"s":{"a":0,"k":[100,100],"ix":3},"r":{"a":0,"k":0,"ix":6},"o":{"a":0,"k":100,"ix":7},"sk":{"a":0,"k":0,"ix":4},"sa":{"a":0,"k":0,"ix":5},"nm":"Transform"}],"nm":"Rectangle 1","np":2,"cix":2,"bm":0,"ix":1,"mn":"ADBE Vector Group","hd":false}],"ip":0,"op":119.999989613637,"st":0,"ct":1,"bm":0},{"ddd":0,"ind":2,"ty":4,"nm":"logo - e inner","sr":1,"ks":{"o":{"a":1,"k":[{"t":0,"s":[0],"h":1},{"t":47.153,"s":[100],"h":1},{"t":86.3135925292969,"s":[0],"h":1}],"ix":11},"r":{"a":0,"k":0,"ix":10},"p":{"s":true,"x":{"a":0,"k":250,"ix":3},"y":{"a":0,"k":249.5,"ix":4}},"a":{"a":0,"k":[0,0,0],"ix":1,"l":2},"s":{"a":1,"k":[{"i":{"x":[0.5,0.5,0.5],"y":[1,1,1]},"o":{"x":[0.5,0.5,0.5],"y":[0,0,0]},"t":41.159,"s":[0,0,100]},{"i":{"x":[0.601,0.601,0.601],"y":[1,1,1]},"o":{"x":[0.5,0.5,0.5],"y":[0,0,0]},"t":59.94,"s":[100,100,100]},{"i":{"x":[0.5,0.5,0.5],"y":[1,1,1]},"o":{"x":[0.5,0.5,0.5],"y":[0,0,0]},"t":74.725,"s":[100,100,100]},{"t":91.1087921142578,"s":[0,0,100]}],"ix":6,"l":2}},"ao":0,"hasMask":true,"masksProperties":[{"inv":false,"mode":"a","pt":{"a":0,"k":{"i":[[0,0],[0,0],[0,0],[0,0]],"o":[[0,0],[0,0],[0,0],[0,0]],"v":[[250,-250.5],[-250,-250.5],[-250,0.531],[250,0.531]],"c":true},"ix":1},"o":{"a":0,"k":100,"ix":3},"x":{"a":0,"k":0,"ix":4},"nm":"Mask 1"}],"shapes":[{"ty":"gr","it":[{"d":2,"ty":"el","s":{"a":0,"k":[231.492,231.492],"ix":2},"p":{"a":0,"k":[0,0],"ix":3},"nm":"Ellipse Path 3","mn":"ADBE Vector Shape - Ellipse","hd":false},{"ty":"fl","c":{"a":0,"k":[1,1,1,1],"ix":4},"o":{"a":0,"k":100,"ix":5},"r":1,"bm":0,"nm":"Fill 1","mn":"ADBE Vector Graphic - Fill","hd":false},{"ty":"tr","p":{"a":0,"k":[0,0],"ix":2},"a":{"a":0,"k":[0,0],"ix":1},"s":{"a":0,"k":[100,100],"ix":3},"r":{"a":0,"k":0,"ix":6},"o":{"a":0,"k":100,"ix":7},"sk":{"a":0,"k":0,"ix":4},"sa":{"a":0,"k":0,"ix":5},"nm":"Transform"}],"nm":"Part 1 fill","np":2,"cix":2,"bm":0,"ix":1,"mn":"ADBE Vector Group","hd":false}],"ip":0,"op":119.999989613637,"st":0,"ct":1,"bm":0}]},{"id":"comp_4","nm":"Logo - C","fr":60,"layers":[{"ddd":0,"ind":1,"ty":4,"nm":"logo - c","sr":1,"ks":{"o":{"a":1,"k":[{"t":0,"s":[0],"h":1},{"t":43.157,"s":[100],"h":1},{"t":87.9119923909505,"s":[0],"h":1}],"ix":11},"r":{"a":0,"k":0,"ix":10},"p":{"a":0,"k":[249.899,250.183,0],"ix":2,"l":2},"a":{"a":0,"k":[0,0,0],"ix":1,"l":2},"s":{"a":0,"k":[100,100,100],"ix":6,"l":2}},"ao":0,"hasMask":true,"masksProperties":[{"inv":false,"mode":"a","pt":{"a":1,"k":[{"i":{"x":0.833,"y":0.833},"o":{"x":0.167,"y":0.167},"t":39.96,"s":[{"i":[[0,0],[0,0],[0,0],[0,0],[0,0],[0,0],[0,0],[0,0],[0,0]],"o":[[0,0],[0,0],[0,0],[0,0],[0,0],[0,0],[0,0],[0,0],[0,0]],"v":[[247.101,37.192],[191.601,37.192],[188.899,37.193],[188.475,37.194],[188.402,37.194],[0.101,37.317],[0.101,0.067],[0.101,-39.601],[247.101,-39.601]],"c":true}]},{"i":{"x":0.833,"y":0.833},"o":{"x":0.167,"y":0.167},"t":40.36,"s":[{"i":[[0,0],[0,0],[0,0],[0,0],[0,0],[0,0],[0,0],[0,0],[0,0]],"o":[[0,0],[0,0],[0,0],[0,0],[0,0],[0,0],[0,0],[0,0],[0,0]],"v":[[247.115,38.25],[191.615,38.25],[188.914,38.202],[188.489,38.194],[188.417,38.193],[0.101,37.317],[0.101,0.067],[0.101,-39.101],[247.101,-39.101]],"c":true}]},{"i":{"x":0.833,"y":0.833},"o":{"x":0.167,"y":0.167},"t":40.759,"s":[{"i":[[0,0],[0,0],[0,0],[0,0],[0,0],[0,0],[0,0],[0,0],[0,0]],"o":[[0,0],[0,0],[0,0],[0,0],[0,0],[0,0],[0,0],[0,0],[0,0]],"v":[[247.115,39.559],[191.615,39.559],[188.914,39.46],[188.489,39.445],[188.417,39.442],[0.101,37.317],[0.101,0.067],[0.101,-39.101],[247.101,-39.101]],"c":true}]},{"i":{"x":0.833,"y":0.833},"o":{"x":0.167,"y":0.167},"t":41.159,"s":[{"i":[[0,0],[0,0],[0,0],[0,0],[0,0],[0,0],[0,0],[0,0],[0,0]],"o":[[0,0],[0,0],[0,0],[0,0],[0,0],[0,0],[0,0],[0,0],[0,0]],"v":[[247.169,41.117],[191.669,41.117],[188.968,40.969],[188.543,40.945],[188.47,40.941],[0.101,37.317],[0.101,0.067],[0.101,-38.851],[247.101,-38.851]],"c":true}]},{"i":{"x":0.833,"y":0.833},"o":{"x":0.167,"y":0.167},"t":41.558,"s":[{"i":[[0,0],[0,0],[0,0],[0,0],[0,0],[0,0],[0,0],[0,0],[0,0]],"o":[[0,0],[0,0],[0,0],[0,0],[0,0],[0,0],[0,0],[0,0],[0,0]],"v":[[247.188,43.551],[191.688,43.551],[188.987,43.352],[188.562,43.321],[188.489,43.316],[0.101,37.317],[0.101,0.067],[0.101,-38.351],[247.101,-38.351]],"c":true}]},{"i":{"x":0.833,"y":0.833},"o":{"x":0.167,"y":0.167},"t":41.958,"s":[{"i":[[0,0],[0,0],[0,0],[0,0],[0,0],[0,0],[0,0],[0,0],[0,0]],"o":[[0,0],[0,0],[0,0],[0,0],[0,0],[0,0],[0,0],[0,0],[0,0]],"v":[[247.232,46.672],[191.732,46.672],[189.031,46.423],[188.606,46.384],[188.533,46.377],[0.101,37.317],[0.101,0.067],[0.101,-38.101],[247.101,-38.101]],"c":true}]},{"i":{"x":0.833,"y":0.833},"o":{"x":0.167,"y":0.167},"t":42.358,"s":[{"i":[[0,0],[0,0],[0,0],[0,0],[0,0],[0,0],[0,0],[0,0],[0,0]],"o":[[0,0],[0,0],[0,0],[0,0],[0,0],[0,0],[0,0],[0,0],[0,0]],"v":[[247.115,51.118],[191.615,51.118],[188.913,50.819],[188.488,50.772],[188.416,50.764],[0.101,37.317],[0.101,0.067],[0.101,-37.851],[247.101,-37.851]],"c":true}]},{"i":{"x":0.833,"y":0.833},"o":{"x":0.167,"y":0.167},"t":42.757,"s":[{"i":[[0,0],[0,0],[0,0],[0,0],[0,0],[0,0],[0,0],[0,0],[0,0]],"o":[[0,0],[0,0],[0,0],[0,0],[0,0],[0,0],[0,0],[0,0],[0,0]],"v":[[247.183,58.398],[191.683,58.398],[188.981,58.048],[188.556,57.993],[188.484,57.984],[0.101,37.317],[0.101,0.067],[0.101,-37.351],[247.101,-37.351]],"c":true}]},{"i":{"x":0.833,"y":0.833},"o":{"x":0.167,"y":0.167},"t":43.157,"s":[{"i":[[0,0],[0,0],[0,0],[0,0],[0,0],[0,0],[0,0],[0,0],[0,0]],"o":[[0,0],[0,0],[0,0],[0,0],[0,0],[0,0],[0,0],[0,0],[0,0]],"v":[[247.152,71.142],[191.652,71.142],[188.95,70.742],[188.526,70.679],[188.453,70.668],[0.101,37.317],[0.101,0.067],[0.101,-37.601],[247.101,-37.601]],"c":true}]},{"i":{"x":0.833,"y":0.833},"o":{"x":0.167,"y":0.167},"t":43.556,"s":[{"i":[[0,0],[0,0],[0,0],[0,0],[0,0],[0,0],[0,0],[0,0],[0,0]],"o":[[0,0],[0,0],[0,0],[0,0],[0,0],[0,0],[0,0],[0,0],[0,0]],"v":[[247.157,89.736],[191.657,89.736],[188.956,89.014],[188.531,88.901],[188.458,88.881],[0.101,37.317],[0.101,0.067],[0.101,-38.601],[247.101,-38.601]],"c":true}]},{"i":{"x":0.833,"y":0.833},"o":{"x":0.167,"y":0.167},"t":43.956,"s":[{"i":[[0,0],[0,0],[0,0],[0,0],[0,0],[0,0],[0,0],[0,0],[0,0]],"o":[[0,0],[0,0],[0,0],[0,0],[0,0],[0,0],[0,0],[0,0],[0,0]],"v":[[247.106,115.83],[191.606,115.83],[188.905,114.786],[188.48,114.622],[188.407,114.594],[0.101,37.317],[0.101,0.067],[0.351,-38.351],[247.351,-38.351]],"c":true}]},{"i":{"x":0.833,"y":0.833},"o":{"x":0.167,"y":0.167},"t":44.356,"s":[{"i":[[0,0],[0,0],[0,0],[0,0],[0,0],[0,0],[0,0],[0,0],[0,0]],"o":[[0,0],[0,0],[0,0],[0,0],[0,0],[0,0],[0,0],[0,0],[0,0]],"v":[[247.157,164.323],[207.907,164.298],[205.206,162.278],[204.781,161.96],[204.708,161.906],[0.101,37.317],[0.101,0.067],[0.101,-37.601],[247.101,-37.601]],"c":true}]},{"i":{"x":0.833,"y":0.833},"o":{"x":0.167,"y":0.167},"t":44.755,"s":[{"i":[[0,0],[0,0],[0,0],[0,0],[0,0],[0,0],[0,0],[0,0],[0,0]],"o":[[0,0],[0,0],[0,0],[0,0],[0,0],[0,0],[0,0],[0,0],[0,0]],"v":[[247.101,249.817],[224.101,249.767],[221.399,246.769],[220.975,246.298],[220.902,246.217],[0.101,37.317],[0.101,0.067],[0.101,-38.351],[247.101,-38.351]],"c":true}]},{"i":{"x":0.833,"y":0.833},"o":{"x":0.167,"y":0.167},"t":45.155,"s":[{"i":[[0,0],[0,0],[0,0],[0,0],[0,0],[0,0],[0,0],[0,0],[0,0]],"o":[[0,0],[0,0],[0,0],[0,0],[0,0],[0,0],[0,0],[0,0],[0,0]],"v":[[247.101,249.817],[127.351,249.782],[125.787,246.785],[125.542,246.313],[125.499,246.233],[0.101,37.317],[0.101,0.067],[0.101,-38.101],[247.101,-38.101]],"c":true}]},{"i":{"x":0.833,"y":0.833},"o":{"x":0.167,"y":0.167},"t":45.554,"s":[{"i":[[0,0],[0,0],[0,0],[0,0],[0,0],[0,0],[0,0],[0,0],[0,0]],"o":[[0,0],[0,0],[0,0],[0,0],[0,0],[0,0],[0,0],[0,0],[0,0]],"v":[[247.101,249.817],[38.851,249.603],[38.425,246.605],[38.358,246.134],[38.347,246.053],[0.101,37.317],[0.101,0.067],[0.101,-38.351],[247.101,-38.351]],"c":true}]},{"i":{"x":0.833,"y":0.833},"o":{"x":0.167,"y":0.167},"t":45.954,"s":[{"i":[[0,0],[0,0],[0,0],[0,0],[0,0],[0,0],[0,0],[0,0],[0,0]],"o":[[0,0],[0,0],[0,0],[0,0],[0,0],[0,0],[0,0],[0,0],[0,0]],"v":[[247.101,249.817],[-55.649,249.819],[-54.937,246.821],[-54.825,246.35],[-54.805,246.269],[0.101,37.317],[0.101,0.067],[0.351,-37.101],[247.351,-37.101]],"c":true}]},{"i":{"x":0.833,"y":0.833},"o":{"x":0.167,"y":0.167},"t":46.354,"s":[{"i":[[0,0],[0,0],[0,0],[0,0],[0,0],[0,0],[0,0],[0,0],[0,0]],"o":[[0,0],[0,0],[0,0],[0,0],[0,0],[0,0],[0,0],[0,0],[0,0]],"v":[[247.101,249.817],[-141.816,249.81],[-142.124,202.753],[-141.861,202.366],[-141.816,202.3],[0.101,28.817],[0.101,-4.6],[0.101,-37.851],[247.101,-37.851]],"c":true}]},{"i":{"x":0.833,"y":0.833},"o":{"x":0.167,"y":0.167},"t":46.753,"s":[{"i":[[0,0],[0,0],[0,0],[0,0],[0,0],[0,0],[0,0],[0,0],[0,0]],"o":[[0,0],[0,0],[0,0],[0,0],[0,0],[0,0],[0,0],[0,0],[0,0]],"v":[[247.101,249.817],[-247.982,249.818],[-249.312,158.701],[-248.898,158.399],[-248.827,158.348],[0.101,20.317],[0.101,-9.267],[0.101,-38.851],[247.101,-38.851]],"c":true}]},{"i":{"x":0.833,"y":0.833},"o":{"x":0.167,"y":0.167},"t":47.153,"s":[{"i":[[0,0],[0,0],[0,0],[0,0],[0,0],[0,0],[0,0],[0,0],[0,0]],"o":[[0,0],[0,0],[0,0],[0,0],[0,0],[0,0],[0,0],[0,0],[0,0]],"v":[[247.101,249.817],[-248.899,249.817],[-250.94,56.891],[-250.375,56.673],[-250.279,56.636],[0.101,11.817],[0.101,-13.933],[0.101,-39.101],[247.101,-39.101]],"c":true}]},{"i":{"x":0.833,"y":0.833},"o":{"x":0.167,"y":0.167},"t":47.552,"s":[{"i":[[0,0],[0,0],[0,0],[0,0],[0,0],[0,0],[0,0],[0,0],[0,0]],"o":[[0,0],[0,0],[0,0],[0,0],[0,0],[0,0],[0,0],[0,0],[0,0]],"v":[[247.101,249.817],[-248.899,249.817],[-248.762,-19.539],[-248.198,-19.566],[-248.101,-19.57],[0.101,-1.308],[0.101,-21.183],[0.101,-38.851],[247.101,-38.851]],"c":true}]},{"i":{"x":0.833,"y":0.833},"o":{"x":0.167,"y":0.167},"t":47.952,"s":[{"i":[[0,0],[0,0],[0,0],[0,0],[0,0],[0,0],[0,0],[0,0],[0,0]],"o":[[0,0],[0,0],[0,0],[0,0],[0,0],[0,0],[0,0],[0,0],[0,0]],"v":[[247.101,249.817],[-248.899,249.817],[-251.225,-90.609],[-250.661,-90.445],[-250.564,-90.417],[0.101,-14.433],[0.101,-28.433],[0.102,-38.851],[247.101,-38.851]],"c":true}]},{"i":{"x":0.833,"y":0.833},"o":{"x":0.167,"y":0.167},"t":48.352,"s":[{"i":[[0,0],[0,0],[0,0],[0,0],[0,0],[0,0],[0,0],[0,0],[0,0]],"o":[[0,0],[0,0],[0,0],[0,0],[0,0],[0,0],[0,0],[0,0],[0,0]],"v":[[247.101,249.817],[-248.899,249.817],[-251.372,-145.193],[-219.369,-145.341],[-219.278,-145.296],[0.101,-23.225],[0.101,-32.183],[0.101,-38.851],[247.101,-38.851]],"c":true}]},{"i":{"x":0.833,"y":0.833},"o":{"x":0.167,"y":0.167},"t":48.751,"s":[{"i":[[0,0],[0,0],[0,0],[0,0],[0,0],[0,0],[0,0],[0,0],[0,0]],"o":[[0,0],[0,0],[0,0],[0,0],[0,0],[0,0],[0,0],[0,0],[0,0]],"v":[[247.101,249.817],[-248.899,249.817],[-250.949,-195.776],[-187.51,-196.238],[-187.424,-196.176],[0.101,-33.517],[0.101,-37.433],[0.101,-39.351],[247.101,-39.351]],"c":true}]},{"i":{"x":0.833,"y":0.833},"o":{"x":0.167,"y":0.167},"t":49.151,"s":[{"i":[[0,0],[0,0],[0,0],[0,0],[0,0],[0,0],[0,0],[0,0],[0,0]],"o":[[0,0],[0,0],[0,0],[0,0],[0,0],[0,0],[0,0],[0,0],[0,0]],"v":[[247.101,249.817],[-248.899,249.817],[-251.062,-246.109],[-156.185,-246.884],[-156.104,-246.805],[0.102,-40.808],[0.101,-39.683],[0.101,-38.851],[247.101,-38.851]],"c":true}]},{"i":{"x":0.833,"y":0.833},"o":{"x":0.167,"y":0.167},"t":49.55,"s":[{"i":[[0,0],[0,0],[0,0],[0,0],[0,0],[0,0],[0,0],[0,0],[0,0]],"o":[[0,0],[0,0],[0,0],[0,0],[0,0],[0,0],[0,0],[0,0],[0,0]],"v":[[247.101,249.817],[-248.899,249.817],[-251.062,-246.109],[-81.935,-246.943],[-81.89,-246.865],[0.102,-40.808],[0.101,-39.683],[0.101,-38.851],[247.101,-38.851]],"c":true}]},{"i":{"x":0.833,"y":0.833},"o":{"x":0.167,"y":0.167},"t":49.95,"s":[{"i":[[0,0],[0,0],[0,0],[0,0],[0,0],[0,0],[0,0],[0,0],[0,0]],"o":[[0,0],[0,0],[0,0],[0,0],[0,0],[0,0],[0,0],[0,0],[0,0]],"v":[[247.101,249.817],[-248.899,249.817],[-251.062,-246.109],[-26.685,-246.742],[-26.675,-246.664],[0.102,-41.058],[0.101,-39.933],[0.101,-39.101],[247.101,-39.101]],"c":true}]},{"i":{"x":0.833,"y":0.833},"o":{"x":0.167,"y":0.167},"t":50.35,"s":[{"i":[[0,0],[0,0],[0,0],[0,0],[0,0],[0,0],[0,0],[0,0],[0,0]],"o":[[0,0],[0,0],[0,0],[0,0],[0,0],[0,0],[0,0],[0,0],[0,0]],"v":[[247.101,249.817],[-248.899,249.817],[-251.062,-246.109],[24.402,-246.723],[24.395,-246.644],[0.102,-41.808],[0.101,-40.683],[0.101,-39.851],[247.101,-39.851]],"c":true}]},{"i":{"x":0.833,"y":0.833},"o":{"x":0.167,"y":0.167},"t":50.749,"s":[{"i":[[0,0],[0,0],[0,0],[0,0],[0,0],[0,0],[0,0],[0,0],[0,0]],"o":[[0,0],[0,0],[0,0],[0,0],[0,0],[0,0],[0,0],[0,0],[0,0]],"v":[[247.101,249.817],[-248.899,249.817],[-251.062,-246.109],[67.379,-246.708],[67.355,-246.629],[0.102,-41.058],[0.101,-39.933],[0.101,-39.101],[247.101,-39.101]],"c":true}]},{"i":{"x":0.833,"y":0.833},"o":{"x":0.167,"y":0.167},"t":51.149,"s":[{"i":[[0,0],[0,0],[0,0],[0,0],[0,0],[0,0],[0,0],[0,0],[0,0]],"o":[[0,0],[0,0],[0,0],[0,0],[0,0],[0,0],[0,0],[0,0],[0,0]],"v":[[247.101,249.817],[-248.899,249.817],[-251.062,-246.109],[115.343,-246.819],[115.302,-246.741],[0.102,-41.308],[0.101,-40.183],[0.101,-39.351],[247.101,-39.351]],"c":true}]},{"i":{"x":0.833,"y":0.833},"o":{"x":0.167,"y":0.167},"t":51.548,"s":[{"i":[[0,0],[0,0],[0,0],[0,0],[0,0],[0,0],[0,0],[0,0],[0,0]],"o":[[0,0],[0,0],[0,0],[0,0],[0,0],[0,0],[0,0],[0,0],[0,0]],"v":[[247.101,249.817],[-248.899,249.817],[-251.062,-246.109],[159.257,-247.811],[159.198,-247.732],[0.102,-41.808],[0.101,-40.683],[0.101,-39.851],[247.101,-39.851]],"c":true}]},{"i":{"x":0.833,"y":0.833},"o":{"x":0.167,"y":0.167},"t":51.948,"s":[{"i":[[0,0],[0,0],[0,0],[0,0],[0,0],[0,0],[0,0],[0,0],[0,0]],"o":[[0,0],[0,0],[0,0],[0,0],[0,0],[0,0],[0,0],[0,0],[0,0]],"v":[[247.101,249.817],[-248.899,249.817],[-251.062,-246.109],[206.815,-246.841],[206.735,-246.762],[0.102,-41.308],[0.101,-40.183],[0.101,-39.351],[247.101,-39.351]],"c":true}]},{"i":{"x":0.833,"y":0.833},"o":{"x":0.167,"y":0.167},"t":52.348,"s":[{"i":[[0,0],[0,0],[0,0],[0,0],[0,0],[0,0],[0,0],[0,0],[0,0]],"o":[[0,0],[0,0],[0,0],[0,0],[0,0],[0,0],[0,0],[0,0],[0,0]],"v":[[247.101,249.817],[-248.899,249.817],[-251.062,-246.109],[221.315,-246.867],[220.773,-213.625],[0.102,-41.308],[0.101,-40.183],[0.101,-39.351],[247.101,-39.351]],"c":true}]},{"i":{"x":0.833,"y":0.833},"o":{"x":0.167,"y":0.167},"t":52.747,"s":[{"i":[[0,0],[0,0],[0,0],[0,0],[0,0],[0,0],[0,0],[0,0],[0,0]],"o":[[0,0],[0,0],[0,0],[0,0],[0,0],[0,0],[0,0],[0,0],[0,0]],"v":[[247.101,249.817],[-248.899,249.817],[-251.062,-246.109],[235.815,-246.894],[234.639,-190.487],[0.102,-41.558],[0.101,-40.433],[0.101,-39.601],[247.101,-39.601]],"c":true}]},{"i":{"x":0.833,"y":0.833},"o":{"x":0.167,"y":0.167},"t":53.147,"s":[{"i":[[0,0],[0,0],[0,0],[0,0],[0,0],[0,0],[0,0],[0,0],[0,0]],"o":[[0,0],[0,0],[0,0],[0,0],[0,0],[0,0],[0,0],[0,0],[0,0]],"v":[[247.101,249.817],[-248.899,249.817],[-251.062,-246.109],[250.315,-246.92],[248.563,-171.349],[0.102,-42.058],[0.101,-40.933],[0.101,-40.101],[247.101,-40.101]],"c":true}]},{"i":{"x":0.833,"y":0.833},"o":{"x":0.167,"y":0.167},"t":53.546,"s":[{"i":[[0,0],[0,0],[0,0],[0,0],[0,0],[0,0],[0,0],[0,0],[0,0]],"o":[[0,0],[0,0],[0,0],[0,0],[0,0],[0,0],[0,0],[0,0],[0,0]],"v":[[247.101,249.817],[-248.899,249.817],[-251.062,-246.109],[250.315,-246.92],[249.313,-151.099],[0.102,-41.808],[0.101,-40.683],[0.101,-39.851],[247.101,-39.851]],"c":true}]},{"i":{"x":0.833,"y":0.833},"o":{"x":0.167,"y":0.167},"t":53.946,"s":[{"i":[[0,0],[0,0],[0,0],[0,0],[0,0],[0,0],[0,0],[0,0],[0,0]],"o":[[0,0],[0,0],[0,0],[0,0],[0,0],[0,0],[0,0],[0,0],[0,0]],"v":[[247.101,249.817],[-248.899,249.817],[-251.062,-246.109],[250.315,-246.92],[248.563,-131.849],[0.102,-41.558],[0.101,-40.433],[0.101,-39.601],[247.101,-39.601]],"c":true}]},{"i":{"x":0.833,"y":0.833},"o":{"x":0.167,"y":0.167},"t":54.346,"s":[{"i":[[0,0],[0,0],[0,0],[0,0],[0,0],[0,0],[0,0],[0,0],[0,0]],"o":[[0,0],[0,0],[0,0],[0,0],[0,0],[0,0],[0,0],[0,0],[0,0]],"v":[[247.101,249.817],[-248.899,249.817],[-251.062,-246.109],[250.315,-246.92],[248.425,-116.849],[0.102,-41.558],[0.101,-40.433],[0.101,-39.601],[247.101,-39.601]],"c":true}]},{"i":{"x":0.833,"y":0.833},"o":{"x":0.167,"y":0.167},"t":54.745,"s":[{"i":[[0,0],[0,0],[0,0],[0,0],[0,0],[0,0],[0,0],[0,0],[0,0]],"o":[[0,0],[0,0],[0,0],[0,0],[0,0],[0,0],[0,0],[0,0],[0,0]],"v":[[247.101,249.817],[-248.899,249.817],[-251.062,-246.109],[250.315,-246.92],[248.287,-103.849],[0.102,-41.558],[0.101,-40.433],[0.101,-39.601],[247.101,-39.601]],"c":true}]},{"i":{"x":0.833,"y":0.833},"o":{"x":0.167,"y":0.167},"t":55.145,"s":[{"i":[[0,0],[0,0],[0,0],[0,0],[0,0],[0,0],[0,0],[0,0],[0,0]],"o":[[0,0],[0,0],[0,0],[0,0],[0,0],[0,0],[0,0],[0,0],[0,0]],"v":[[247.101,249.817],[-248.899,249.817],[-251.062,-246.109],[250.315,-246.92],[250.024,-92.849],[0.102,-41.558],[0.101,-40.433],[0.101,-39.601],[247.101,-39.601]],"c":true}]},{"i":{"x":0.833,"y":0.833},"o":{"x":0.167,"y":0.167},"t":55.544,"s":[{"i":[[0,0],[0,0],[0,0],[0,0],[0,0],[0,0],[0,0],[0,0],[0,0]],"o":[[0,0],[0,0],[0,0],[0,0],[0,0],[0,0],[0,0],[0,0],[0,0]],"v":[[247.101,249.817],[-248.899,249.817],[-251.062,-246.109],[250.315,-246.92],[249.486,-83.849],[0.102,-41.808],[0.101,-40.683],[0.101,-39.851],[247.101,-39.851]],"c":true}]},{"i":{"x":0.833,"y":0.833},"o":{"x":0.167,"y":0.167},"t":55.944,"s":[{"i":[[0,0],[0,0],[0,0],[0,0],[0,0],[0,0],[0,0],[0,0],[0,0]],"o":[[0,0],[0,0],[0,0],[0,0],[0,0],[0,0],[0,0],[0,0],[0,0]],"v":[[247.101,249.817],[-248.899,249.817],[-251.062,-246.109],[250.315,-246.92],[247.948,-75.349],[0.102,-42.058],[0.101,-40.933],[0.101,-40.101],[247.101,-40.101]],"c":true}]},{"i":{"x":0.833,"y":0.833},"o":{"x":0.167,"y":0.167},"t":56.344,"s":[{"i":[[0,0],[0,0],[0,0],[0,0],[0,0],[0,0],[0,0],[0,0],[0,0]],"o":[[0,0],[0,0],[0,0],[0,0],[0,0],[0,0],[0,0],[0,0],[0,0]],"v":[[247.101,249.817],[-248.899,249.817],[-251.062,-246.109],[250.315,-246.92],[248.605,-68.265],[0.102,-42.058],[0.101,-40.933],[0.101,-40.101],[247.101,-40.101]],"c":true}]},{"i":{"x":0.833,"y":0.833},"o":{"x":0.167,"y":0.167},"t":56.743,"s":[{"i":[[0,0],[0,0],[0,0],[0,0],[0,0],[0,0],[0,0],[0,0],[0,0]],"o":[[0,0],[0,0],[0,0],[0,0],[0,0],[0,0],[0,0],[0,0],[0,0]],"v":[[247.101,249.817],[-248.899,249.817],[-251.062,-246.109],[250.315,-246.92],[248.762,-62.182],[0.102,-42.058],[0.101,-40.933],[0.101,-40.101],[247.101,-40.101]],"c":true}]},{"i":{"x":0.833,"y":0.833},"o":{"x":0.167,"y":0.167},"t":57.143,"s":[{"i":[[0,0],[0,0],[0,0],[0,0],[0,0],[0,0],[0,0],[0,0],[0,0]],"o":[[0,0],[0,0],[0,0],[0,0],[0,0],[0,0],[0,0],[0,0],[0,0]],"v":[[247.101,249.817],[-248.899,249.817],[-251.062,-246.109],[250.315,-246.92],[248.794,-57.099],[0.102,-41.808],[0.101,-40.683],[0.101,-39.851],[247.101,-39.851]],"c":true}]},{"i":{"x":0.833,"y":0.833},"o":{"x":0.167,"y":0.167},"t":57.542,"s":[{"i":[[0,0],[0,0],[0,0],[0,0],[0,0],[0,0],[0,0],[0,0],[0,0]],"o":[[0,0],[0,0],[0,0],[0,0],[0,0],[0,0],[0,0],[0,0],[0,0]],"v":[[247.101,249.817],[-248.899,249.817],[-251.062,-246.109],[250.315,-246.92],[248.766,-53.161],[0.102,-41.808],[0.101,-40.683],[0.101,-39.851],[247.101,-39.851]],"c":true}]},{"i":{"x":0.833,"y":0.833},"o":{"x":0.167,"y":0.167},"t":57.942,"s":[{"i":[[0,0],[0,0],[0,0],[0,0],[0,0],[0,0],[0,0],[0,0],[0,0]],"o":[[0,0],[0,0],[0,0],[0,0],[0,0],[0,0],[0,0],[0,0],[0,0]],"v":[[247.101,249.817],[-248.899,249.817],[-251.062,-246.109],[250.315,-246.92],[248.488,-49.974],[0.102,-42.058],[0.101,-40.933],[0.101,-40.101],[247.101,-40.101]],"c":true}]},{"i":{"x":0.833,"y":0.833},"o":{"x":0.167,"y":0.167},"t":58.342,"s":[{"i":[[0,0],[0,0],[0,0],[0,0],[0,0],[0,0],[0,0],[0,0],[0,0]],"o":[[0,0],[0,0],[0,0],[0,0],[0,0],[0,0],[0,0],[0,0],[0,0]],"v":[[247.101,249.817],[-248.899,249.817],[-251.062,-246.109],[250.315,-246.92],[248.367,-47.225],[0.102,-42.436],[0.102,-41.44],[0.101,-40.726],[247.101,-40.726]],"c":true}]},{"i":{"x":0.833,"y":0.833},"o":{"x":0.167,"y":0.167},"t":58.741,"s":[{"i":[[0,0],[0,0],[0,0],[0,0],[0,0],[0,0],[0,0],[0,0],[0,0]],"o":[[0,0],[0,0],[0,0],[0,0],[0,0],[0,0],[0,0],[0,0],[0,0]],"v":[[247.101,249.817],[-248.899,249.817],[-251.062,-246.109],[250.315,-246.92],[248.025,-45.724],[0.102,-41.732],[0.102,-40.907],[0.101,-40.226],[247.101,-40.226]],"c":true}]},{"i":{"x":0.833,"y":0.833},"o":{"x":0.167,"y":0.167},"t":59.141,"s":[{"i":[[0,0],[0,0],[0,0],[0,0],[0,0],[0,0],[0,0],[0,0],[0,0]],"o":[[0,0],[0,0],[0,0],[0,0],[0,0],[0,0],[0,0],[0,0],[0,0]],"v":[[247.101,249.817],[-248.899,249.817],[-251.062,-246.109],[250.315,-246.92],[247.683,-44.266],[0.102,-42.028],[0.102,-41.374],[0.101,-40.726],[247.101,-40.726]],"c":true}]},{"i":{"x":0.833,"y":0.833},"o":{"x":0.167,"y":0.167},"t":59.54,"s":[{"i":[[0,0],[0,0],[0,0],[0,0],[0,0],[0,0],[0,0],[0,0],[0,0]],"o":[[0,0],[0,0],[0,0],[0,0],[0,0],[0,0],[0,0],[0,0],[0,0]],"v":[[247.101,249.817],[-248.899,249.817],[-251.062,-246.109],[250.315,-246.92],[247.466,-42.745],[0.102,-42.075],[0.102,-41.591],[0.101,-40.976],[247.101,-40.976]],"c":true}]},{"i":{"x":0.833,"y":0.833},"o":{"x":0.167,"y":0.167},"t":59.94,"s":[{"i":[[0,0],[0,0],[0,0],[0,0],[0,0],[0,0],[0,0],[0,0],[0,0]],"o":[[0,0],[0,0],[0,0],[0,0],[0,0],[0,0],[0,0],[0,0],[0,0]],"v":[[247.101,249.817],[-248.899,249.817],[-251.062,-246.109],[250.315,-246.92],[246.999,-41.724],[0.102,-41.996],[0.102,-41.683],[0.101,-41.101],[247.101,-41.101]],"c":true}]},{"i":{"x":0.833,"y":0.833},"o":{"x":0.167,"y":0.167},"t":73.127,"s":[{"i":[[0,0],[0,0],[0,0],[0,0],[0,0],[0,0],[0,0],[0,0],[0,0]],"o":[[0,0],[0,0],[0,0],[0,0],[0,0],[0,0],[0,0],[0,0],[0,0]],"v":[[247.101,249.817],[-248.899,249.817],[-251.062,-246.109],[250.315,-246.92],[246.999,-41.724],[0.102,-41.996],[0.102,-41.683],[0.101,-41.101],[247.101,-41.101]],"c":true}]},{"i":{"x":0.833,"y":0.833},"o":{"x":0.167,"y":0.167},"t":73.526,"s":[{"i":[[0,0],[0,0],[0,0],[0,0],[0,0],[0,0],[0,0],[0,0],[0,0]],"o":[[0,0],[0,0],[0,0],[0,0],[0,0],[0,0],[0,0],[0,0],[0,0]],"v":[[247.101,249.817],[-248.899,249.817],[-251.062,-246.109],[250.315,-246.92],[247.812,-44.661],[0.102,-42.199],[0.102,-41.652],[0.101,-41.101],[247.101,-41.101]],"c":true}]},{"i":{"x":0.833,"y":0.833},"o":{"x":0.167,"y":0.167},"t":73.926,"s":[{"i":[[0,0],[0,0],[0,0],[0,0],[0,0],[0,0],[0,0],[0,0],[0,0]],"o":[[0,0],[0,0],[0,0],[0,0],[0,0],[0,0],[0,0],[0,0],[0,0]],"v":[[247.101,249.817],[-248.899,249.817],[-251.062,-246.109],[250.315,-246.92],[248.624,-47.599],[0.102,-42.402],[0.102,-41.621],[0.101,-41.101],[247.101,-41.101]],"c":true}]},{"i":{"x":0.833,"y":0.833},"o":{"x":0.167,"y":0.167},"t":74.326,"s":[{"i":[[0,0],[0,0],[0,0],[0,0],[0,0],[0,0],[0,0],[0,0],[0,0]],"o":[[0,0],[0,0],[0,0],[0,0],[0,0],[0,0],[0,0],[0,0],[0,0]],"v":[[247.101,249.817],[-248.899,249.817],[-251.062,-246.109],[250.315,-246.92],[248.895,-53.161],[0.102,-42.621],[0.102,-41.725],[0.101,-41.101],[247.101,-41.101]],"c":true}]},{"i":{"x":0.833,"y":0.833},"o":{"x":0.167,"y":0.167},"t":74.725,"s":[{"i":[[0,0],[0,0],[0,0],[0,0],[0,0],[0,0],[0,0],[0,0],[0,0]],"o":[[0,0],[0,0],[0,0],[0,0],[0,0],[0,0],[0,0],[0,0],[0,0]],"v":[[247.101,249.817],[-248.899,249.817],[-251.062,-246.109],[250.315,-246.92],[249.166,-61.974],[0.102,-42.84],[0.102,-41.829],[0.101,-41.101],[247.101,-41.101]],"c":true}]},{"i":{"x":0.833,"y":0.833},"o":{"x":0.167,"y":0.167},"t":75.125,"s":[{"i":[[0,0],[0,0],[0,0],[0,0],[0,0],[0,0],[0,0],[0,0],[0,0]],"o":[[0,0],[0,0],[0,0],[0,0],[0,0],[0,0],[0,0],[0,0],[0,0]],"v":[[247.101,249.817],[-248.899,249.817],[-251.062,-246.109],[250.315,-246.92],[248.499,-73.099],[0.102,-43.058],[0.101,-41.933],[0.101,-41.101],[247.101,-41.101]],"c":true}]},{"i":{"x":0.833,"y":0.833},"o":{"x":0.167,"y":0.167},"t":75.524,"s":[{"i":[[0,0],[0,0],[0,0],[0,0],[0,0],[0,0],[0,0],[0,0],[0,0]],"o":[[0,0],[0,0],[0,0],[0,0],[0,0],[0,0],[0,0],[0,0],[0,0]],"v":[[247.101,249.817],[-248.899,249.817],[-251.062,-246.109],[250.315,-246.92],[249.574,-89.286],[0.102,-43.058],[0.101,-41.933],[0.101,-41.101],[247.101,-41.101]],"c":true}]},{"i":{"x":0.833,"y":0.833},"o":{"x":0.167,"y":0.167},"t":75.924,"s":[{"i":[[0,0],[0,0],[0,0],[0,0],[0,0],[0,0],[0,0],[0,0],[0,0]],"o":[[0,0],[0,0],[0,0],[0,0],[0,0],[0,0],[0,0],[0,0],[0,0]],"v":[[247.101,249.817],[-248.899,249.817],[-251.062,-246.109],[250.315,-246.92],[251.148,-109.724],[0.102,-43.058],[0.101,-41.933],[0.101,-41.101],[247.101,-41.101]],"c":true}]},{"i":{"x":0.833,"y":0.833},"o":{"x":0.167,"y":0.167},"t":76.324,"s":[{"i":[[0,0],[0,0],[0,0],[0,0],[0,0],[0,0],[0,0],[0,0],[0,0]],"o":[[0,0],[0,0],[0,0],[0,0],[0,0],[0,0],[0,0],[0,0],[0,0]],"v":[[247.101,249.817],[-248.899,249.817],[-251.062,-246.109],[250.315,-246.92],[250.387,-135.015],[0.102,-43.058],[0.101,-41.933],[0.101,-41.101],[247.101,-41.101]],"c":true}]},{"i":{"x":0.833,"y":0.833},"o":{"x":0.167,"y":0.167},"t":76.723,"s":[{"i":[[0,0],[0,0],[0,0],[0,0],[0,0],[0,0],[0,0],[0,0],[0,0]],"o":[[0,0],[0,0],[0,0],[0,0],[0,0],[0,0],[0,0],[0,0],[0,0]],"v":[[247.101,249.817],[-248.899,249.817],[-251.062,-246.109],[250.315,-246.92],[249.841,-169.307],[0.102,-43.058],[0.101,-41.933],[0.101,-41.101],[247.101,-41.101]],"c":true}]},{"i":{"x":0.833,"y":0.833},"o":{"x":0.167,"y":0.167},"t":77.123,"s":[{"i":[[0,0],[0,0],[0,0],[0,0],[0,0],[0,0],[0,0],[0,0],[0,0]],"o":[[0,0],[0,0],[0,0],[0,0],[0,0],[0,0],[0,0],[0,0],[0,0]],"v":[[247.101,249.817],[-248.899,249.817],[-251.062,-246.109],[250.315,-246.92],[249.195,-218.224],[0.102,-43.058],[0.101,-41.933],[0.101,-41.101],[247.101,-41.101]],"c":true}]},{"i":{"x":0.833,"y":0.833},"o":{"x":0.167,"y":0.167},"t":77.522,"s":[{"i":[[0,0],[0,0],[0,0],[0,0],[0,0],[0,0],[0,0],[0,0],[0,0]],"o":[[0,0],[0,0],[0,0],[0,0],[0,0],[0,0],[0,0],[0,0],[0,0]],"v":[[247.101,249.817],[-248.899,249.817],[-251.062,-246.109],[190.315,-247.019],[189.715,-232.632],[0.102,-43.058],[0.101,-41.933],[0.101,-41.101],[247.101,-41.101]],"c":true}]},{"i":{"x":0.833,"y":0.833},"o":{"x":0.167,"y":0.167},"t":77.922,"s":[{"i":[[0,0],[0,0],[0,0],[0,0],[0,0],[0,0],[0,0],[0,0],[0,0]],"o":[[0,0],[0,0],[0,0],[0,0],[0,0],[0,0],[0,0],[0,0],[0,0]],"v":[[247.101,249.817],[-248.899,249.817],[-251.062,-246.109],[132.815,-246.92],[132.735,-246.842],[0.102,-43.058],[0.101,-41.933],[0.101,-41.101],[247.101,-41.101]],"c":true}]},{"i":{"x":0.833,"y":0.833},"o":{"x":0.167,"y":0.167},"t":78.322,"s":[{"i":[[0,0],[0,0],[0,0],[0,0],[0,0],[0,0],[0,0],[0,0],[0,0]],"o":[[0,0],[0,0],[0,0],[0,0],[0,0],[0,0],[0,0],[0,0],[0,0]],"v":[[247.101,249.817],[-248.899,249.817],[-251.062,-246.109],[69.149,-246.543],[69.068,-246.464],[0.102,-43.058],[0.101,-41.933],[0.101,-41.101],[247.101,-41.101]],"c":true}]},{"i":{"x":0.833,"y":0.833},"o":{"x":0.167,"y":0.167},"t":78.721,"s":[{"i":[[0,0],[0,0],[0,0],[0,0],[0,0],[0,0],[0,0],[0,0],[0,0]],"o":[[0,0],[0,0],[0,0],[0,0],[0,0],[0,0],[0,0],[0,0],[0,0]],"v":[[247.101,249.817],[-248.899,249.817],[-251.062,-246.109],[7.482,-247.166],[7.401,-247.087],[0.102,-43.058],[0.101,-41.933],[0.101,-41.101],[247.101,-41.101]],"c":true}]},{"i":{"x":0.833,"y":0.833},"o":{"x":0.167,"y":0.167},"t":79.121,"s":[{"i":[[0,0],[0,0],[0,0],[0,0],[0,0],[0,0],[0,0],[0,0],[0,0]],"o":[[0,0],[0,0],[0,0],[0,0],[0,0],[0,0],[0,0],[0,0],[0,0]],"v":[[247.101,249.817],[-248.899,249.817],[-251.062,-246.109],[-59.685,-246.986],[-59.765,-246.907],[0.102,-43.058],[0.101,-41.933],[0.101,-41.101],[247.101,-41.101]],"c":true}]},{"i":{"x":0.833,"y":0.833},"o":{"x":0.167,"y":0.167},"t":79.52,"s":[{"i":[[0,0],[0,0],[0,0],[0,0],[0,0],[0,0],[0,0],[0,0],[0,0]],"o":[[0,0],[0,0],[0,0],[0,0],[0,0],[0,0],[0,0],[0,0],[0,0]],"v":[[247.101,249.817],[-248.899,249.817],[-251.144,-238.609],[-140.173,-238.747],[-140.165,-238.694],[0.101,-43.371],[0.101,-42.183],[0.101,-41.101],[247.101,-41.101]],"c":true}]},{"i":{"x":0.833,"y":0.833},"o":{"x":0.167,"y":0.167},"t":79.92,"s":[{"i":[[0,0],[0,0],[0,0],[0,0],[0,0],[0,0],[0,0],[0,0],[0,0]],"o":[[0,0],[0,0],[0,0],[0,0],[0,0],[0,0],[0,0],[0,0],[0,0]],"v":[[247.101,249.817],[-248.899,249.817],[-251.225,-231.109],[-250.661,-230.945],[-250.564,-230.917],[0.101,-43.683],[0.101,-42.433],[0.101,-41.101],[247.101,-41.101]],"c":true}]},{"i":{"x":0.833,"y":0.833},"o":{"x":0.167,"y":0.167},"t":80.32,"s":[{"i":[[0,0],[0,0],[0,0],[0,0],[0,0],[0,0],[0,0],[0,0],[0,0]],"o":[[0,0],[0,0],[0,0],[0,0],[0,0],[0,0],[0,0],[0,0],[0,0]],"v":[[247.101,249.817],[-248.899,249.817],[-250.923,-152.783],[-250.358,-152.618],[-250.261,-152.59],[0.102,-33.233],[0.102,-37.439],[0.101,-41.101],[247.101,-41.101]],"c":true}]},{"i":{"x":0.833,"y":0.833},"o":{"x":0.167,"y":0.167},"t":80.719,"s":[{"i":[[0,0],[0,0],[0,0],[0,0],[0,0],[0,0],[0,0],[0,0],[0,0]],"o":[[0,0],[0,0],[0,0],[0,0],[0,0],[0,0],[0,0],[0,0],[0,0]],"v":[[247.101,249.817],[-248.899,249.817],[-249.282,-88.821],[-248.718,-88.657],[-248.621,-88.628],[0.102,-21.583],[0.102,-30.936],[0.101,-41.101],[247.101,-41.101]],"c":true}]},{"i":{"x":0.833,"y":0.833},"o":{"x":0.167,"y":0.167},"t":81.119,"s":[{"i":[[0,0],[0,0],[0,0],[0,0],[0,0],[0,0],[0,0],[0,0],[0,0]],"o":[[0,0],[0,0],[0,0],[0,0],[0,0],[0,0],[0,0],[0,0],[0,0]],"v":[[247.101,249.817],[-248.899,249.817],[-249.508,-32.359],[-248.944,-32.195],[-248.847,-32.167],[0.103,-9.933],[0.103,-24.433],[0.101,-41.101],[247.101,-41.101]],"c":true}]},{"i":{"x":0.833,"y":0.833},"o":{"x":0.167,"y":0.167},"t":81.518,"s":[{"i":[[0,0],[0,0],[0,0],[0,0],[0,0],[0,0],[0,0],[0,0],[0,0]],"o":[[0,0],[0,0],[0,0],[0,0],[0,0],[0,0],[0,0],[0,0],[0,0]],"v":[[247.101,249.817],[-248.899,249.817],[-250.364,27.016],[-249.8,26.989],[-249.703,26.985],[0.102,0.942],[0.102,-19.183],[0.101,-41.101],[247.101,-41.101]],"c":true}]},{"i":{"x":0.833,"y":0.833},"o":{"x":0.167,"y":0.167},"t":81.918,"s":[{"i":[[0,0],[0,0],[0,0],[0,0],[0,0],[0,0],[0,0],[0,0],[0,0]],"o":[[0,0],[0,0],[0,0],[0,0],[0,0],[0,0],[0,0],[0,0],[0,0]],"v":[[247.101,249.817],[-248.899,249.817],[-250.916,88.391],[-250.352,88.173],[-250.255,88.136],[0.101,11.817],[0.101,-13.933],[0.101,-41.101],[247.101,-41.101]],"c":true}]},{"i":{"x":0.833,"y":0.833},"o":{"x":0.167,"y":0.167},"t":82.318,"s":[{"i":[[0,0],[0,0],[0,0],[0,0],[0,0],[0,0],[0,0],[0,0],[0,0]],"o":[[0,0],[0,0],[0,0],[0,0],[0,0],[0,0],[0,0],[0,0],[0,0]],"v":[[247.101,249.817],[-217.13,249.817],[-218.378,143.916],[-217.981,143.605],[-217.913,143.552],[0.101,21.236],[0.101,-8.762],[0.101,-41.101],[247.101,-41.101]],"c":true}]},{"i":{"x":0.833,"y":0.833},"o":{"x":0.167,"y":0.167},"t":82.717,"s":[{"i":[[0,0],[0,0],[0,0],[0,0],[0,0],[0,0],[0,0],[0,0],[0,0]],"o":[[0,0],[0,0],[0,0],[0,0],[0,0],[0,0],[0,0],[0,0],[0,0]],"v":[[247.101,249.817],[-174.514,249.82],[-174.666,191.37],[-174.411,190.979],[-174.368,190.912],[0.101,29.277],[0.101,-4.348],[0.101,-41.101],[247.101,-41.101]],"c":true}]},{"i":{"x":0.833,"y":0.833},"o":{"x":0.167,"y":0.167},"t":83.117,"s":[{"i":[[0,0],[0,0],[0,0],[0,0],[0,0],[0,0],[0,0],[0,0],[0,0]],"o":[[0,0],[0,0],[0,0],[0,0],[0,0],[0,0],[0,0],[0,0],[0,0]],"v":[[247.101,249.817],[-129.399,249.829],[-128.687,246.831],[-128.575,246.36],[-128.555,246.279],[0.101,37.317],[0.101,0.067],[0.101,-41.101],[247.101,-41.101]],"c":true}]},{"i":{"x":0.833,"y":0.833},"o":{"x":0.167,"y":0.167},"t":83.516,"s":[{"i":[[0,0],[0,0],[0,0],[0,0],[0,0],[0,0],[0,0],[0,0],[0,0]],"o":[[0,0],[0,0],[0,0],[0,0],[0,0],[0,0],[0,0],[0,0],[0,0]],"v":[[247.101,249.817],[-48.21,249.834],[-47.498,246.836],[-47.386,246.365],[-47.366,246.284],[0.101,37.317],[0.101,0.067],[0.101,-41.101],[247.101,-41.101]],"c":true}]},{"i":{"x":0.833,"y":0.833},"o":{"x":0.167,"y":0.167},"t":83.916,"s":[{"i":[[0,0],[0,0],[0,0],[0,0],[0,0],[0,0],[0,0],[0,0],[0,0]],"o":[[0,0],[0,0],[0,0],[0,0],[0,0],[0,0],[0,0],[0,0],[0,0]],"v":[[247.101,249.817],[18.134,249.831],[18.846,246.833],[18.958,246.362],[18.977,246.282],[0.101,37.317],[0.101,0.067],[0.101,-41.101],[247.101,-41.101]],"c":true}]},{"i":{"x":0.833,"y":0.833},"o":{"x":0.167,"y":0.167},"t":84.316,"s":[{"i":[[0,0],[0,0],[0,0],[0,0],[0,0],[0,0],[0,0],[0,0],[0,0]],"o":[[0,0],[0,0],[0,0],[0,0],[0,0],[0,0],[0,0],[0,0],[0,0]],"v":[[247.101,249.817],[76.873,249.885],[77.585,246.888],[77.697,246.416],[77.717,246.336],[0.101,37.317],[0.101,0.067],[0.101,-41.101],[247.101,-41.101]],"c":true}]},{"i":{"x":0.833,"y":0.833},"o":{"x":0.167,"y":0.167},"t":84.715,"s":[{"i":[[0,0],[0,0],[0,0],[0,0],[0,0],[0,0],[0,0],[0,0],[0,0]],"o":[[0,0],[0,0],[0,0],[0,0],[0,0],[0,0],[0,0],[0,0],[0,0]],"v":[[247.101,249.817],[144.612,249.84],[145.324,246.842],[145.436,246.371],[145.456,246.29],[0.101,37.317],[0.101,0.067],[0.101,-41.101],[247.101,-41.101]],"c":true}]},{"i":{"x":0.833,"y":0.833},"o":{"x":0.167,"y":0.167},"t":85.115,"s":[{"i":[[0,0],[0,0],[0,0],[0,0],[0,0],[0,0],[0,0],[0,0],[0,0]],"o":[[0,0],[0,0],[0,0],[0,0],[0,0],[0,0],[0,0],[0,0],[0,0]],"v":[[247.101,249.817],[214.601,249.864],[215.313,246.866],[215.425,246.395],[215.445,246.314],[0.101,37.317],[0.101,0.067],[0.101,-41.101],[247.101,-41.101]],"c":true}]},{"i":{"x":0.833,"y":0.833},"o":{"x":0.167,"y":0.167},"t":85.514,"s":[{"i":[[0,0],[0,0],[0,0],[0,0],[0,0],[0,0],[0,0],[0,0],[0,0]],"o":[[0,0],[0,0],[0,0],[0,0],[0,0],[0,0],[0,0],[0,0],[0,0]],"v":[[246.931,176.271],[204.047,176.297],[203.218,174.165],[203.087,173.83],[203.065,173.773],[0.101,37.317],[0.101,0.067],[0.101,-41.101],[247.101,-41.101]],"c":true}]},{"i":{"x":0.833,"y":0.833},"o":{"x":0.167,"y":0.167},"t":85.914,"s":[{"i":[[0,0],[0,0],[0,0],[0,0],[0,0],[0,0],[0,0],[0,0],[0,0]],"o":[[0,0],[0,0],[0,0],[0,0],[0,0],[0,0],[0,0],[0,0],[0,0]],"v":[[246.891,127.292],[191.391,127.292],[188.689,126.213],[188.265,126.043],[188.192,126.014],[0.101,37.317],[0.101,0.067],[0.101,-41.101],[247.101,-41.101]],"c":true}]},{"i":{"x":0.833,"y":0.833},"o":{"x":0.167,"y":0.167},"t":86.314,"s":[{"i":[[0,0],[0,0],[0,0],[0,0],[0,0],[0,0],[0,0],[0,0],[0,0]],"o":[[0,0],[0,0],[0,0],[0,0],[0,0],[0,0],[0,0],[0,0],[0,0]],"v":[[247.081,98.292],[191.581,98.292],[188.879,97.213],[188.455,97.043],[188.382,97.014],[0.101,37.317],[0.101,0.067],[0.101,-41.101],[247.101,-41.101]],"c":true}]},{"i":{"x":0.833,"y":0.833},"o":{"x":0.167,"y":0.167},"t":86.713,"s":[{"i":[[0,0],[0,0],[0,0],[0,0],[0,0],[0,0],[0,0],[0,0],[0,0]],"o":[[0,0],[0,0],[0,0],[0,0],[0,0],[0,0],[0,0],[0,0],[0,0]],"v":[[246.936,80.292],[191.436,80.292],[188.734,79.213],[188.31,79.043],[188.237,79.014],[0.101,37.317],[0.101,0.067],[0.101,-41.101],[247.101,-41.101]],"c":true}]},{"i":{"x":0.833,"y":0.833},"o":{"x":0.167,"y":0.167},"t":87.113,"s":[{"i":[[0,0],[0,0],[0,0],[0,0],[0,0],[0,0],[0,0],[0,0],[0,0]],"o":[[0,0],[0,0],[0,0],[0,0],[0,0],[0,0],[0,0],[0,0],[0,0]],"v":[[247.084,65.542],[191.584,65.542],[188.883,64.463],[188.458,64.293],[188.385,64.264],[0.101,37.317],[0.101,0.067],[0.101,-41.101],[247.101,-41.101]],"c":true}]},{"i":{"x":0.833,"y":0.833},"o":{"x":0.167,"y":0.167},"t":87.512,"s":[{"i":[[0,0],[0,0],[0,0],[0,0],[0,0],[0,0],[0,0],[0,0],[0,0]],"o":[[0,0],[0,0],[0,0],[0,0],[0,0],[0,0],[0,0],[0,0],[0,0]],"v":[[247.117,56.167],[191.617,56.167],[188.915,55.088],[188.49,54.918],[188.418,54.889],[0.101,37.317],[0.101,0.067],[0.101,-41.101],[247.101,-41.101]],"c":true}]},{"i":{"x":0.833,"y":0.833},"o":{"x":0.167,"y":0.167},"t":87.912,"s":[{"i":[[0,0],[0,0],[0,0],[0,0],[0,0],[0,0],[0,0],[0,0],[0,0]],"o":[[0,0],[0,0],[0,0],[0,0],[0,0],[0,0],[0,0],[0,0],[0,0]],"v":[[247.085,49.792],[191.585,49.792],[188.883,48.713],[188.459,48.543],[188.386,48.514],[0.101,37.317],[0.101,0.067],[0.101,-41.101],[247.101,-41.101]],"c":true}]},{"i":{"x":0.833,"y":0.833},"o":{"x":0.167,"y":0.167},"t":88.312,"s":[{"i":[[0,0],[0,0],[0,0],[0,0],[0,0],[0,0],[0,0],[0,0],[0,0]],"o":[[0,0],[0,0],[0,0],[0,0],[0,0],[0,0],[0,0],[0,0],[0,0]],"v":[[247.031,45.695],[191.531,45.695],[188.83,44.616],[188.405,44.447],[188.333,44.418],[0.101,37.317],[0.101,0.067],[0.101,-41.101],[247.101,-41.101]],"c":true}]},{"i":{"x":0.833,"y":0.833},"o":{"x":0.167,"y":0.167},"t":88.711,"s":[{"i":[[0,0],[0,0],[0,0],[0,0],[0,0],[0,0],[0,0],[0,0],[0,0]],"o":[[0,0],[0,0],[0,0],[0,0],[0,0],[0,0],[0,0],[0,0],[0,0]],"v":[[247.072,42.931],[191.572,42.931],[188.871,41.852],[188.446,41.682],[188.373,41.653],[0.101,37.317],[0.101,0.067],[0.101,-41.101],[247.101,-41.101]],"c":true}]},{"i":{"x":0.833,"y":0.833},"o":{"x":0.167,"y":0.167},"t":89.111,"s":[{"i":[[0,0],[0,0],[0,0],[0,0],[0,0],[0,0],[0,0],[0,0],[0,0]],"o":[[0,0],[0,0],[0,0],[0,0],[0,0],[0,0],[0,0],[0,0],[0,0]],"v":[[247.06,41.042],[191.56,41.042],[188.858,39.963],[188.434,39.793],[188.361,39.764],[0.101,37.317],[0.101,0.067],[0.101,-41.101],[247.101,-41.101]],"c":true}]},{"i":{"x":0.833,"y":0.833},"o":{"x":0.167,"y":0.167},"t":89.51,"s":[{"i":[[0,0],[0,0],[0,0],[0,0],[0,0],[0,0],[0,0],[0,0],[0,0]],"o":[[0,0],[0,0],[0,0],[0,0],[0,0],[0,0],[0,0],[0,0],[0,0]],"v":[[247.06,39.304],[191.56,39.304],[188.858,38.766],[188.434,38.681],[188.361,38.666],[0.101,37.317],[0.101,0.067],[0.101,-41.101],[247.101,-41.101]],"c":true}]},{"t":89.9099922180176,"s":[{"i":[[0,0],[0,0],[0,0],[0,0],[0,0],[0,0],[0,0],[0,0],[0,0]],"o":[[0,0],[0,0],[0,0],[0,0],[0,0],[0,0],[0,0],[0,0],[0,0]],"v":[[247.101,37.192],[191.601,37.192],[188.899,37.193],[188.475,37.194],[188.402,37.194],[0.101,37.317],[0.101,0.067],[0.101,-41.101],[247.101,-41.101]],"c":true}]}],"ix":1},"o":{"a":0,"k":100,"ix":3},"x":{"a":0,"k":0,"ix":4},"nm":"Mask 1"}],"shapes":[{"ty":"gr","it":[{"ind":0,"ty":"sh","ix":1,"ks":{"a":0,"k":{"i":[[14.73,-10.399],[23.077,0],[15.45,7.899],[8.303,13.772],[0,16.394],[-8.189,14.215],[-14.332,7.336],[-17.36,-0.281],[-14.77,-10.378],[-5.95,-12.32],[0,0],[11.82,14.618],[21.95,10.973],[27.263,-0.032],[24.973,-13.402],[14.647,-23.083],[0,-26.974],[-14.282,-22.906],[-24.302,-12.763],[-30.294,-0.022],[-21.76,10.951],[-13.64,17.371],[-4.54,18.889],[0,0]],"o":[[-14.78,10.378],[-17.36,0.281],[-14.336,-7.338],[-8.189,-14.216],[0,-16.394],[8.308,-13.765],[15.45,-7.9],[23.087,0],[13.09,9.232],[0,0],[-5.03,-18.1],[-13.63,-17.35],[-21.96,-10.972],[-30.294,0],[-24.242,12.717],[-14.282,22.907],[0,26.974],[14.576,23.216],[24.973,13.381],[27.263,0],[21.76,-10.951],[13.62,-17.35],[0,0],[-5.71,14.336]],"v":[[61.921,75.042],[5.134,90.609],[-44.839,79.006],[-79.474,46.71],[-91.972,-0.008],[-79.474,-46.725],[-44.839,-79.005],[5.134,-90.609],[61.921,-75.042],[90.481,-42.714],[157.851,-42.714],[132.311,-92.312],[78.941,-134.796],[5.118,-151.206],[-77.782,-131.103],[-137.14,-76.459],[-158.991,-0.143],[-137.14,76.172],[-77.782,131.103],[5.118,151.207],[78.651,134.78],[131.751,92.297],[158.991,37.939],[92.571,37.939]],"c":true},"ix":2},"nm":"Path 1","mn":"ADBE Vector Shape - Group","hd":false},{"ty":"fl","c":{"a":0,"k":[1,1,1,1],"ix":4},"o":{"a":0,"k":100,"ix":5},"r":1,"bm":0,"nm":"Fill 1","mn":"ADBE Vector Graphic - Fill","hd":false},{"ty":"tr","p":{"a":0,"k":[22.505,0],"ix":2},"a":{"a":0,"k":[22.505,0],"ix":1},"s":{"a":0,"k":[100,100],"ix":3},"r":{"a":0,"k":0,"ix":6},"o":{"a":0,"k":100,"ix":7},"sk":{"a":0,"k":0,"ix":4},"sa":{"a":0,"k":0,"ix":5},"nm":"Transform"}],"nm":"Group 1","np":2,"cix":2,"bm":0,"ix":1,"mn":"ADBE Vector Group","hd":false}],"ip":0,"op":119.999989613637,"st":0,"ct":1,"bm":0}]},{"id":"comp_5","nm":"Logo - X","fr":60,"layers":[{"ddd":0,"ind":1,"ty":4,"nm":"logo - x 2","sr":1,"ks":{"o":{"a":0,"k":100,"ix":11},"r":{"a":0,"k":0,"ix":10},"p":{"a":0,"k":[250.438,249.932,0],"ix":2,"l":2},"a":{"a":0,"k":[0,0,0],"ix":1,"l":2},"s":{"a":0,"k":[100,100,100],"ix":6,"l":2}},"ao":0,"hasMask":true,"masksProperties":[{"inv":false,"mode":"a","pt":{"a":1,"k":[{"i":{"x":0.5,"y":1},"o":{"x":0.5,"y":0},"t":39.96,"s":[{"i":[[0,0],[0,0],[0,0],[0,0]],"o":[[0,0],[0,0],[0,0],[0,0]],"v":[[250,144.068],[-250,144.068],[-250,148.068],[250,148.068]],"c":true}]},{"i":{"x":0.5,"y":1},"o":{"x":0.5,"y":0},"t":55.944,"s":[{"i":[[0,0],[0,0],[0,0],[0,0]],"o":[[0,0],[0,0],[0,0],[0,0]],"v":[[250,-144.432],[-250,-144.432],[-250,148.068],[250,148.068]],"c":true}]},{"i":{"x":0.5,"y":1},"o":{"x":0.5,"y":0},"t":75.125,"s":[{"i":[[0,0],[0,0],[0,0],[0,0]],"o":[[0,0],[0,0],[0,0],[0,0]],"v":[[250,-144.432],[-250,-144.432],[-250,148.068],[250,148.068]],"c":true}]},{"t":91.1087921142578,"s":[{"i":[[0,0],[0,0],[0,0],[0,0]],"o":[[0,0],[0,0],[0,0],[0,0]],"v":[[250,144.068],[-250,144.068],[-250,148.068],[250,148.068]],"c":true}]}],"ix":1},"o":{"a":0,"k":100,"ix":3},"x":{"a":0,"k":0,"ix":4},"nm":"Mask 1"}],"shapes":[{"ty":"gr","it":[{"ind":0,"ty":"sh","ix":1,"ks":{"a":0,"k":{"i":[[0,0],[0,0],[0,0],[0,0],[0,0],[0,0],[0,0],[0,0]],"o":[[0,0],[0,0],[0,0],[0,0],[0,0],[0,0],[0,0],[0,0]],"v":[[41.388,-2.836],[-1.108,38.56],[-80.007,143.42],[-155.477,143.42],[-40.844,-2.836],[1.109,-44.216],[73.197,-143.42],[148.171,-143.42]],"c":true},"ix":2},"nm":"Path 1","mn":"ADBE Vector Shape - Group","hd":false},{"ty":"fl","c":{"a":0,"k":[1,1,1,1],"ix":4},"o":{"a":0,"k":100,"ix":5},"r":1,"bm":0,"nm":"Fill 1","mn":"ADBE Vector Graphic - Fill","hd":false},{"ty":"tr","p":{"a":0,"k":[0,0],"ix":2},"a":{"a":0,"k":[0,0],"ix":1},"s":{"a":0,"k":[100,100],"ix":3},"r":{"a":0,"k":0,"ix":6},"o":{"a":1,"k":[{"t":0,"s":[0],"h":1},{"t":43.956,"s":[100],"h":1},{"t":89.1107922871908,"s":[0],"h":1}],"ix":7},"sk":{"a":0,"k":0,"ix":4},"sa":{"a":0,"k":0,"ix":5},"nm":"Transform"}],"nm":"Group 3","np":2,"cix":2,"bm":0,"ix":1,"mn":"ADBE Vector Group","hd":false}],"ip":0,"op":119.999989613637,"st":0,"ct":1,"bm":0},{"ddd":0,"ind":2,"ty":4,"nm":"logo - x 1","sr":1,"ks":{"o":{"a":0,"k":100,"ix":11},"r":{"a":0,"k":0,"ix":10},"p":{"a":0,"k":[250.438,249.932,0],"ix":2,"l":2},"a":{"a":0,"k":[0,0,0],"ix":1,"l":2},"s":{"a":0,"k":[100,100,100],"ix":6,"l":2}},"ao":0,"hasMask":true,"masksProperties":[{"inv":false,"mode":"a","pt":{"a":1,"k":[{"i":{"x":0.5,"y":1},"o":{"x":0.5,"y":0},"t":37.962,"s":[{"i":[[0,0],[0,0],[0,0],[0,0]],"o":[[0,0],[0,0],[0,0],[0,0]],"v":[[250,144.068],[-250,144.068],[-250,148.068],[250,148.068]],"c":true}]},{"i":{"x":0.5,"y":1},"o":{"x":0.5,"y":0},"t":49.95,"s":[{"i":[[0,0],[0,0],[0,0],[0,0]],"o":[[0,0],[0,0],[0,0],[0,0]],"v":[[250,-144.432],[-250,-144.432],[-250,148.068],[250,148.068]],"c":true}]},{"i":{"x":0.5,"y":1},"o":{"x":0.5,"y":0},"t":71.928,"s":[{"i":[[0,0],[0,0],[0,0],[0,0]],"o":[[0,0],[0,0],[0,0],[0,0]],"v":[[250,-144.432],[-250,-144.432],[-250,148.068],[250,148.068]],"c":true}]},{"t":87.9119923909505,"s":[{"i":[[0,0],[0,0],[0,0],[0,0]],"o":[[0,0],[0,0],[0,0],[0,0]],"v":[[250,144.068],[-250,144.068],[-250,148.068],[250,148.068]],"c":true}]}],"ix":1},"o":{"a":0,"k":100,"ix":3},"x":{"a":0,"k":0,"ix":4},"nm":"Mask 1"}],"shapes":[{"ty":"gr","it":[{"ind":0,"ty":"sh","ix":1,"ks":{"a":0,"k":{"i":[[0,0],[0,0],[0,0],[0,0],[0,0],[0,0],[0,0],[0,0]],"o":[[0,0],[0,0],[0,0],[0,0],[0,0],[0,0],[0,0],[0,0]],"v":[[41.388,-2.836],[155.477,143.42],[77.775,143.42],[-1.108,38.56],[-40.844,-2.836],[-148.107,-143.42],[-71.536,-143.42],[1.109,-44.216]],"c":true},"ix":2},"nm":"Path 1","mn":"ADBE Vector Shape - Group","hd":false},{"ty":"fl","c":{"a":0,"k":[1,1,1,1],"ix":4},"o":{"a":0,"k":100,"ix":5},"r":1,"bm":0,"nm":"Fill 1","mn":"ADBE Vector Graphic - Fill","hd":false},{"ty":"tr","p":{"a":0,"k":[0,0],"ix":2},"a":{"a":0,"k":[0,0],"ix":1},"s":{"a":0,"k":[100,100],"ix":3},"r":{"a":0,"k":0,"ix":6},"o":{"a":1,"k":[{"t":0,"s":[0],"h":1},{"t":41.159,"s":[100],"h":1},{"t":85.9139925638835,"s":[0],"h":1}],"ix":7},"sk":{"a":0,"k":0,"ix":4},"sa":{"a":0,"k":0,"ix":5},"nm":"Transform"}],"nm":"Group 2","np":2,"cix":2,"bm":0,"ix":1,"mn":"ADBE Vector Group","hd":false}],"ip":0,"op":119.999989613637,"st":0,"ct":1,"bm":0}]},{"id":"comp_6","nm":"Logo - E 1","fr":60,"layers":[{"ddd":0,"ind":1,"ty":4,"nm":"logo - e outer","sr":1,"ks":{"o":{"a":1,"k":[{"t":0,"s":[0],"h":1},{"t":5.994,"s":[100],"h":1},{"t":85.9139925638835,"s":[0],"h":1}],"ix":11},"r":{"a":0,"k":0,"ix":10},"p":{"s":true,"x":{"a":0,"k":250,"ix":3},"y":{"a":0,"k":249.5,"ix":4}},"a":{"a":0,"k":[0,0,0],"ix":1,"l":2},"s":{"a":0,"k":[100,100,100],"ix":6,"l":2}},"ao":0,"hasMask":true,"masksProperties":[{"inv":false,"mode":"a","pt":{"a":1,"k":[{"i":{"x":0.5,"y":1},"o":{"x":0.5,"y":0},"t":31.968,"s":[{"i":[[113.391,0],[0,-113.618],[-113.391,0],[0,113.618]],"o":[[-113.391,0],[0,113.618],[113.391,0],[0,-113.618]],"v":[[0,-205.248],[-205.312,0.476],[0,206.199],[205.312,0.476]],"c":true}]},{"t":47.9519958496094,"s":[{"i":[[103.139,0],[0,-103.345],[-103.139,0],[0,103.345]],"o":[[-103.139,0],[0,103.345],[103.139,0],[0,-103.345]],"v":[[0,-186.654],[-186.75,0.47],[0,187.593],[186.75,0.47]],"c":true}]}],"ix":1},"o":{"a":0,"k":100,"ix":3},"x":{"a":0,"k":0,"ix":4},"nm":"Mask 1"},{"inv":false,"mode":"s","pt":{"a":0,"k":{"i":[[63.927,0],[0,-64.055],[-63.927,0],[0,64.055]],"o":[[-63.927,0],[0,64.055],[63.927,0],[0,-64.055]],"v":[[0,-115.511],[-115.75,0.47],[0,116.452],[115.75,0.47]],"c":true},"ix":1},"o":{"a":0,"k":100,"ix":3},"x":{"a":0,"k":0,"ix":4},"nm":"Mask 2"},{"inv":false,"mode":"i","pt":{"a":1,"k":[{"i":{"x":0.833,"y":0.833},"o":{"x":0.167,"y":0.167},"t":3.996,"s":[{"i":[[0,0],[0,0],[0,0],[0,0]],"o":[[0,0],[0,0],[0,0],[0,0]],"v":[[0.063,0.531],[-243.5,0.656],[-246.938,0.656],[-244.875,0.656]],"c":true}]},{"i":{"x":0.833,"y":0.833},"o":{"x":0.167,"y":0.167},"t":4.396,"s":[{"i":[[0,0],[0,0],[0,0],[0,0]],"o":[[0,0],[0,0],[0,0],[0,0]],"v":[[0.063,0.531],[-243.5,0.656],[-246.402,0.885],[-244.908,1.058]],"c":true}]},{"i":{"x":0.833,"y":0.833},"o":{"x":0.167,"y":0.167},"t":4.795,"s":[{"i":[[0,0],[0,0],[0,0],[0,0]],"o":[[0,0],[0,0],[0,0],[0,0]],"v":[[0.063,0.531],[-243.5,0.656],[-246.492,1.24],[-244.817,2.961]],"c":true}]},{"i":{"x":0.833,"y":0.833},"o":{"x":0.167,"y":0.167},"t":5.195,"s":[{"i":[[0,0],[0,0],[0,0],[0,0]],"o":[[0,0],[0,0],[0,0],[0,0]],"v":[[0.063,0.531],[-243.5,0.656],[-247.019,2.844],[-244.6,5.8]],"c":true}]},{"i":{"x":0.833,"y":0.833},"o":{"x":0.167,"y":0.167},"t":5.594,"s":[{"i":[[0,0],[0,0],[0,0],[0,0]],"o":[[0,0],[0,0],[0,0],[0,0]],"v":[[0.063,0.531],[-243.5,0.656],[-247.212,4.406],[-244.175,9.681]],"c":true}]},{"i":{"x":0.833,"y":0.833},"o":{"x":0.167,"y":0.167},"t":5.994,"s":[{"i":[[0,0],[0,0],[0,0],[0,0]],"o":[[0,0],[0,0],[0,0],[0,0]],"v":[[0.063,0.531],[-243.5,0.656],[-247.125,7.844],[-243.687,15.219]],"c":true}]},{"i":{"x":0.833,"y":0.833},"o":{"x":0.167,"y":0.167},"t":6.394,"s":[{"i":[[0,0],[0,0],[0,0],[0,0]],"o":[[0,0],[0,0],[0,0],[0,0]],"v":[[0.063,0.531],[-243.5,0.656],[-247.2,13.294],[-241.837,21.969]],"c":true}]},{"i":{"x":0.833,"y":0.833},"o":{"x":0.167,"y":0.167},"t":6.793,"s":[{"i":[[0,0],[0,0],[0,0],[0,0]],"o":[[0,0],[0,0],[0,0],[0,0]],"v":[[0.063,0.531],[-243.5,0.656],[-247.275,18.744],[-240.081,30.125]],"c":true}]},{"i":{"x":0.833,"y":0.833},"o":{"x":0.167,"y":0.167},"t":7.193,"s":[{"i":[[0,0],[0,0],[0,0],[0,0]],"o":[[0,0],[0,0],[0,0],[0,0]],"v":[[0.063,0.531],[-243.5,0.656],[-247.35,24.194],[-238.617,39.99]],"c":true}]},{"i":{"x":0.833,"y":0.833},"o":{"x":0.167,"y":0.167},"t":7.592,"s":[{"i":[[0,0],[0,0],[0,0],[0,0]],"o":[[0,0],[0,0],[0,0],[0,0]],"v":[[0.063,0.531],[-243.5,0.656],[-247.425,29.644],[-236.339,51.542]],"c":true}]},{"i":{"x":0.833,"y":0.833},"o":{"x":0.167,"y":0.167},"t":7.992,"s":[{"i":[[0,0],[0,0],[0,0],[0,0]],"o":[[0,0],[0,0],[0,0],[0,0]],"v":[[0.063,0.531],[-243.5,0.656],[-247.5,35.094],[-233.812,64.594]],"c":true}]},{"i":{"x":0.833,"y":0.833},"o":{"x":0.167,"y":0.167},"t":8.392,"s":[{"i":[[0,0],[0,0],[0,0],[0,0]],"o":[[0,0],[0,0],[0,0],[0,0]],"v":[[0.063,0.531],[-243.5,0.656],[-251.65,46.594],[-225.962,78.319]],"c":true}]},{"i":{"x":0.833,"y":0.833},"o":{"x":0.167,"y":0.167},"t":8.791,"s":[{"i":[[0,0],[0,0],[0,0],[0,0]],"o":[[0,0],[0,0],[0,0],[0,0]],"v":[[0.063,0.531],[-243.5,0.656],[-255.8,58.094],[-218.237,93.7]],"c":true}]},{"i":{"x":0.833,"y":0.833},"o":{"x":0.167,"y":0.167},"t":9.191,"s":[{"i":[[0,0],[0,0],[0,0],[0,0]],"o":[[0,0],[0,0],[0,0],[0,0]],"v":[[0.063,0.531],[-243.5,0.656],[-259.95,69.594],[-209.554,110.79]],"c":true}]},{"i":{"x":0.833,"y":0.833},"o":{"x":0.167,"y":0.167},"t":9.59,"s":[{"i":[[0,0],[0,0],[0,0],[0,0]],"o":[[0,0],[0,0],[0,0],[0,0]],"v":[[0.063,0.531],[-243.5,0.656],[-264.1,81.094],[-200.558,130.067]],"c":true}]},{"i":{"x":0.833,"y":0.833},"o":{"x":0.167,"y":0.167},"t":9.99,"s":[{"i":[[0,0],[0,0],[0,0],[0,0]],"o":[[0,0],[0,0],[0,0],[0,0]],"v":[[0.063,0.531],[-243.5,0.656],[-268.25,92.594],[-189.562,151.344]],"c":true}]},{"i":{"x":0.833,"y":0.833},"o":{"x":0.167,"y":0.167},"t":10.39,"s":[{"i":[[0,0],[0,0],[0,0],[0,0]],"o":[[0,0],[0,0],[0,0],[0,0]],"v":[[0.063,0.531],[-243.3,1.831],[-263.3,122.844],[-166.937,166.319]],"c":true}]},{"i":{"x":0.833,"y":0.833},"o":{"x":0.167,"y":0.167},"t":10.789,"s":[{"i":[[0,0],[0,0],[0,0],[0,0]],"o":[[0,0],[0,0],[0,0],[0,0]],"v":[[0.063,0.531],[-244.1,5.194],[-258.35,153.094],[-142.562,183.919]],"c":true}]},{"i":{"x":0.833,"y":0.833},"o":{"x":0.167,"y":0.167},"t":11.189,"s":[{"i":[[0,0],[0,0],[0,0],[0,0]],"o":[[0,0],[0,0],[0,0],[0,0]],"v":[[0.063,0.531],[-243.879,11.244],[-253.4,183.344],[-113.646,200.269]],"c":true}]},{"i":{"x":0.833,"y":0.833},"o":{"x":0.167,"y":0.167},"t":11.588,"s":[{"i":[[0,0],[0,0],[0,0],[0,0]],"o":[[0,0],[0,0],[0,0],[0,0]],"v":[[0.063,0.531],[-243.065,19.762],[-248.45,213.594],[-82.292,219.244]],"c":true}]},{"i":{"x":0.833,"y":0.833},"o":{"x":0.167,"y":0.167},"t":11.988,"s":[{"i":[[0,0],[0,0],[0,0],[0,0]],"o":[[0,0],[0,0],[0,0],[0,0]],"v":[[0.063,0.531],[-242.5,30.281],[-243.5,243.844],[-46.437,241.219]],"c":true}]},{"i":{"x":0.833,"y":0.833},"o":{"x":0.167,"y":0.167},"t":12.388,"s":[{"i":[[0,0],[0,0],[0,0],[0,0]],"o":[[0,0],[0,0],[0,0],[0,0]],"v":[[0.063,0.531],[-241.975,43.756],[-202.9,260.044],[-2.437,229.644]],"c":true}]},{"i":{"x":0.833,"y":0.833},"o":{"x":0.167,"y":0.167},"t":12.787,"s":[{"i":[[0,0],[0,0],[0,0],[0,0]],"o":[[0,0],[0,0],[0,0],[0,0]],"v":[[0.063,0.531],[-242.2,59.794],[-162.3,276.244],[38.656,218.1]],"c":true}]},{"i":{"x":0.833,"y":0.833},"o":{"x":0.167,"y":0.167},"t":13.187,"s":[{"i":[[0,0],[0,0],[0,0],[0,0]],"o":[[0,0],[0,0],[0,0],[0,0]],"v":[[0.063,0.531],[-241.404,78.81],[-121.7,292.444],[78.958,205.681]],"c":true}]},{"i":{"x":0.833,"y":0.833},"o":{"x":0.167,"y":0.167},"t":13.586,"s":[{"i":[[0,0],[0,0],[0,0],[0,0]],"o":[[0,0],[0,0],[0,0],[0,0]],"v":[[0.063,0.531],[-240.015,100.858],[-81.1,308.644],[119.448,189.7]],"c":true}]},{"i":{"x":0.833,"y":0.833},"o":{"x":0.167,"y":0.167},"t":13.986,"s":[{"i":[[0,0],[0,0],[0,0],[0,0]],"o":[[0,0],[0,0],[0,0],[0,0]],"v":[[0.063,0.531],[-237.375,126.406],[-40.5,324.844],[162.938,171.469]],"c":true}]},{"i":{"x":0.833,"y":0.833},"o":{"x":0.167,"y":0.167},"t":14.386,"s":[{"i":[[0,0],[0,0],[0,0],[0,0]],"o":[[0,0],[0,0],[0,0],[0,0]],"v":[[0.063,0.531],[-220,147.431],[7.7,316.044],[190.238,133.869]],"c":true}]},{"i":{"x":0.833,"y":0.833},"o":{"x":0.167,"y":0.167},"t":14.785,"s":[{"i":[[0,0],[0,0],[0,0],[0,0]],"o":[[0,0],[0,0],[0,0],[0,0]],"v":[[0.063,0.531],[-202.219,170.3],[55.9,307.244],[219.256,96.3]],"c":true}]},{"i":{"x":0.833,"y":0.833},"o":{"x":0.167,"y":0.167},"t":15.185,"s":[{"i":[[0,0],[0,0],[0,0],[0,0]],"o":[[0,0],[0,0],[0,0],[0,0]],"v":[[0.063,0.531],[-182.438,195.21],[104.1,298.444],[251.442,54.898]],"c":true}]},{"i":{"x":0.833,"y":0.833},"o":{"x":0.167,"y":0.167},"t":15.584,"s":[{"i":[[0,0],[0,0],[0,0],[0,0]],"o":[[0,0],[0,0],[0,0],[0,0]],"v":[[0.063,0.531],[-159.531,220.808],[152.3,289.644],[287.877,4.371]],"c":true}]},{"i":{"x":0.833,"y":0.833},"o":{"x":0.167,"y":0.167},"t":15.984,"s":[{"i":[[0,0],[0,0],[0,0],[0,0]],"o":[[0,0],[0,0],[0,0],[0,0]],"v":[[0.063,0.531],[-132.375,248.406],[200.5,280.844],[326.313,-60.906]],"c":true}]},{"i":{"x":0.833,"y":0.833},"o":{"x":0.167,"y":0.167},"t":16.384,"s":[{"i":[[0,0],[0,0],[0,0],[0,0]],"o":[[0,0],[0,0],[0,0],[0,0]],"v":[[0.063,0.531],[-89.3,247.306],[245.1,226.644],[278.913,-112.431]],"c":true}]},{"i":{"x":0.833,"y":0.833},"o":{"x":0.167,"y":0.167},"t":16.783,"s":[{"i":[[0,0],[0,0],[0,0],[0,0]],"o":[[0,0],[0,0],[0,0],[0,0]],"v":[[0.063,0.531],[-48.694,245.394],[289.7,172.444],[234.919,-155.05]],"c":true}]},{"i":{"x":0.833,"y":0.833},"o":{"x":0.167,"y":0.167},"t":17.183,"s":[{"i":[[0,0],[0,0],[0,0],[0,0]],"o":[[0,0],[0,0],[0,0],[0,0]],"v":[[0.063,0.531],[-9.046,243.94],[334.3,118.244],[189.883,-188.71]],"c":true}]},{"i":{"x":0.833,"y":0.833},"o":{"x":0.167,"y":0.167},"t":17.582,"s":[{"i":[[0,0],[0,0],[0,0],[0,0]],"o":[[0,0],[0,0],[0,0],[0,0]],"v":[[0.063,0.531],[30.915,242.923],[378.9,64.044],[146.66,-219.558]],"c":true}]},{"i":{"x":0.833,"y":0.833},"o":{"x":0.167,"y":0.167},"t":17.982,"s":[{"i":[[0,0],[0,0],[0,0],[0,0]],"o":[[0,0],[0,0],[0,0],[0,0]],"v":[[0.063,0.531],[73.625,239.156],[423.5,9.844],[102.437,-250.406]],"c":true}]},{"i":{"x":0.833,"y":0.833},"o":{"x":0.167,"y":0.167},"t":18.382,"s":[{"i":[[0,0],[0,0],[0,0],[0,0]],"o":[[0,0],[0,0],[0,0],[0,0]],"v":[[0.063,0.531],[107.625,208.931],[389.7,-45.356],[46.762,-244.206]],"c":true}]},{"i":{"x":0.833,"y":0.833},"o":{"x":0.167,"y":0.167},"t":18.781,"s":[{"i":[[0,0],[0,0],[0,0],[0,0]],"o":[[0,0],[0,0],[0,0],[0,0]],"v":[[0.063,0.531],[139.563,180.425],[355.9,-100.556],[-2.725,-237.569]],"c":true}]},{"i":{"x":0.833,"y":0.833},"o":{"x":0.167,"y":0.167},"t":19.181,"s":[{"i":[[0,0],[0,0],[0,0],[0,0]],"o":[[0,0],[0,0],[0,0],[0,0]],"v":[[0.063,0.531],[172.625,153.21],[322.1,-155.756],[-49.338,-230.39]],"c":true}]},{"i":{"x":0.833,"y":0.833},"o":{"x":0.167,"y":0.167},"t":19.58,"s":[{"i":[[0,0],[0,0],[0,0],[0,0]],"o":[[0,0],[0,0],[0,0],[0,0]],"v":[[0.063,0.531],[205.625,121.683],[288.3,-210.956],[-97.138,-224.148]],"c":true}]},{"i":{"x":0.833,"y":0.833},"o":{"x":0.167,"y":0.167},"t":19.98,"s":[{"i":[[0,0],[0,0],[0,0],[0,0]],"o":[[0,0],[0,0],[0,0],[0,0]],"v":[[0.063,0.531],[239.875,84.906],[254.5,-266.156],[-149.688,-215.656]],"c":true}]},{"i":{"x":0.833,"y":0.833},"o":{"x":0.167,"y":0.167},"t":20.38,"s":[{"i":[[0,0],[0,0],[0,0],[0,0]],"o":[[0,0],[0,0],[0,0],[0,0]],"v":[[0.063,0.531],[239,34.381],[156.1,-308.456],[-176.213,-169.906]],"c":true}]},{"i":{"x":0.833,"y":0.833},"o":{"x":0.167,"y":0.167},"t":20.779,"s":[{"i":[[0,0],[0,0],[0,0],[0,0]],"o":[[0,0],[0,0],[0,0],[0,0]],"v":[[0.063,0.531],[241.281,-13.675],[77.2,-348.756],[-198.019,-127.781]],"c":true}]},{"i":{"x":0.833,"y":0.833},"o":{"x":0.167,"y":0.167},"t":21.179,"s":[{"i":[[0,0],[0,0],[0,0],[0,0]],"o":[[0,0],[0,0],[0,0],[0,0]],"v":[[0.063,0.531],[245.188,-64.19],[12.3,-353.056],[-215.596,-86.656]],"c":true}]},{"i":{"x":0.833,"y":0.833},"o":{"x":0.167,"y":0.167},"t":21.578,"s":[{"i":[[0,0],[0,0],[0,0],[0,0]],"o":[[0,0],[0,0],[0,0],[0,0]],"v":[[0.063,0.531],[239.531,-117.142],[-56.35,-322.856],[-235.267,-46.906]],"c":true}]},{"i":{"x":0.833,"y":0.833},"o":{"x":0.167,"y":0.167},"t":21.978,"s":[{"i":[[0,0],[0,0],[0,0],[0,0]],"o":[[0,0],[0,0],[0,0],[0,0]],"v":[[0.062,0.531],[228.625,-174.594],[-125,-292.656],[-244.188,-4.406]],"c":true}]},{"i":{"x":0.833,"y":0.833},"o":{"x":0.167,"y":0.167},"t":22.378,"s":[{"i":[[0,0],[0,0],[0,0],[0,0]],"o":[[0,0],[0,0],[0,0],[0,0]],"v":[[0.063,0.531],[170.8,-193.269],[-182.5,-274.456],[-236.788,35.944]],"c":true}]},{"i":{"x":0.833,"y":0.833},"o":{"x":0.167,"y":0.167},"t":22.777,"s":[{"i":[[0,0],[0,0],[0,0],[0,0]],"o":[[0,0],[0,0],[0,0],[0,0]],"v":[[0.062,0.531],[122.631,-207.85],[-227.875,-243.381],[-227.606,71.731]],"c":true}]},{"i":{"x":0.833,"y":0.833},"o":{"x":0.167,"y":0.167},"t":23.177,"s":[{"i":[[0,0],[0,0],[0,0],[0,0]],"o":[[0,0],[0,0],[0,0],[0,0]],"v":[[0.062,0.531],[79.921,-220.64],[-268.917,-216.973],[-216.717,103.019]],"c":true}]},{"i":{"x":0.833,"y":0.833},"o":{"x":0.167,"y":0.167},"t":23.576,"s":[{"i":[[0,0],[0,0],[0,0],[0,0]],"o":[[0,0],[0,0],[0,0],[0,0]],"v":[[0.062,0.531],[39.898,-232.367],[-296.458,-176.565],[-207.202,130.181]],"c":true}]},{"i":{"x":0.833,"y":0.833},"o":{"x":0.167,"y":0.167},"t":23.976,"s":[{"i":[[0,0],[0,0],[0,0],[0,0]],"o":[[0,0],[0,0],[0,0],[0,0]],"v":[[0.062,0.531],[0.125,-243.594],[-300,-134.156],[-199.063,153.594]],"c":true}]},{"i":{"x":0.833,"y":0.833},"o":{"x":0.167,"y":0.167},"t":24.376,"s":[{"i":[[0,0],[0,0],[0,0],[0,0]],"o":[[0,0],[0,0],[0,0],[0,0]],"v":[[0.062,0.531],[-37.225,-233.394],[-306.4,-108.156],[-185.938,166.944]],"c":true}]},{"i":{"x":0.833,"y":0.833},"o":{"x":0.167,"y":0.167},"t":24.775,"s":[{"i":[[0,0],[0,0],[0,0],[0,0]],"o":[[0,0],[0,0],[0,0],[0,0]],"v":[[0.062,0.531],[-69.919,-221.444],[-312.8,-82.156],[-174.75,176.856]],"c":true}]},{"i":{"x":0.833,"y":0.833},"o":{"x":0.167,"y":0.167},"t":25.175,"s":[{"i":[[0,0],[0,0],[0,0],[0,0]],"o":[[0,0],[0,0],[0,0],[0,0]],"v":[[0.062,0.531],[-99.988,-209.91],[-319.2,-56.156],[-164.271,186.769]],"c":true}]},{"i":{"x":0.833,"y":0.833},"o":{"x":0.167,"y":0.167},"t":25.574,"s":[{"i":[[0,0],[0,0],[0,0],[0,0]],"o":[[0,0],[0,0],[0,0],[0,0]],"v":[[0.062,0.531],[-128.494,-199.002],[-325.6,-30.156],[-153.729,196.556]],"c":true}]},{"i":{"x":0.833,"y":0.833},"o":{"x":0.167,"y":0.167},"t":25.974,"s":[{"i":[[0,0],[0,0],[0,0],[0,0]],"o":[[0,0],[0,0],[0,0],[0,0]],"v":[[0.062,0.531],[-156,-187.594],[-332,-4.156],[-142.188,206.594]],"c":true}]},{"i":{"x":0.833,"y":0.833},"o":{"x":0.167,"y":0.167},"t":26.374,"s":[{"i":[[0,0],[0,0],[0,0],[0,0]],"o":[[0,0],[0,0],[0,0],[0,0]],"v":[[0.062,0.531],[-168.825,-161.794],[-313.6,40.244],[-126.588,210.194]],"c":true}]},{"i":{"x":0.833,"y":0.833},"o":{"x":0.167,"y":0.167},"t":26.773,"s":[{"i":[[0,0],[0,0],[0,0],[0,0]],"o":[[0,0],[0,0],[0,0],[0,0]],"v":[[0.062,0.531],[-181.65,-141.056],[-295.2,84.644],[-111.363,213.419]],"c":true}]},{"i":{"x":0.833,"y":0.833},"o":{"x":0.167,"y":0.167},"t":27.173,"s":[{"i":[[0,0],[0,0],[0,0],[0,0]],"o":[[0,0],[0,0],[0,0],[0,0]],"v":[[0.062,0.531],[-194.475,-122.944],[-276.8,129.044],[-96.554,216.227]],"c":true}]},{"i":{"x":0.833,"y":0.833},"o":{"x":0.167,"y":0.167},"t":27.572,"s":[{"i":[[0,0],[0,0],[0,0],[0,0]],"o":[[0,0],[0,0],[0,0],[0,0]],"v":[[0.062,0.531],[-205.925,-106.019],[-258.4,173.444],[-82.621,218.41]],"c":true}]},{"i":{"x":0.833,"y":0.833},"o":{"x":0.167,"y":0.167},"t":27.972,"s":[{"i":[[0,0],[0,0],[0,0],[0,0]],"o":[[0,0],[0,0],[0,0],[0,0]],"v":[[0.062,0.531],[-231.125,-96.469],[-240,217.844],[-69.188,219.594]],"c":true}]},{"i":{"x":0.833,"y":0.833},"o":{"x":0.167,"y":0.167},"t":28.372,"s":[{"i":[[0,0],[0,0],[0,0],[0,0]],"o":[[0,0],[0,0],[0,0],[0,0]],"v":[[0.062,0.531],[-232.125,-77.469],[-240,217.844],[-57.663,223.344]],"c":true}]},{"i":{"x":0.833,"y":0.833},"o":{"x":0.167,"y":0.167},"t":28.771,"s":[{"i":[[0,0],[0,0],[0,0],[0,0]],"o":[[0,0],[0,0],[0,0],[0,0]],"v":[[0.062,0.531],[-235.375,-61.812],[-240,217.844],[-47.044,227.031]],"c":true}]},{"i":{"x":0.833,"y":0.833},"o":{"x":0.167,"y":0.167},"t":29.171,"s":[{"i":[[0,0],[0,0],[0,0],[0,0]],"o":[[0,0],[0,0],[0,0],[0,0]],"v":[[0.062,0.531],[-238.542,-47.74],[-240,217.844],[-36.925,229.552]],"c":true}]},{"i":{"x":0.833,"y":0.833},"o":{"x":0.167,"y":0.167},"t":29.57,"s":[{"i":[[0,0],[0,0],[0,0],[0,0]],"o":[[0,0],[0,0],[0,0],[0,0]],"v":[[0.062,0.531],[-240.583,-35.417],[-240,217.844],[-27.806,232.323]],"c":true}]},{"i":{"x":0.833,"y":0.833},"o":{"x":0.167,"y":0.167},"t":29.97,"s":[{"i":[[0,0],[0,0],[0,0],[0,0]],"o":[[0,0],[0,0],[0,0],[0,0]],"v":[[0.062,0.531],[-242.625,-24.844],[-240,217.844],[-19.688,234.594]],"c":true}]},{"i":{"x":0.833,"y":0.833},"o":{"x":0.167,"y":0.167},"t":30.37,"s":[{"i":[[0,0],[0,0],[0,0],[0,0]],"o":[[0,0],[0,0],[0,0],[0,0]],"v":[[0.062,0.531],[-244.35,-16.144],[-242,224.494],[-13.113,238.144]],"c":true}]},{"i":{"x":0.833,"y":0.833},"o":{"x":0.167,"y":0.167},"t":30.769,"s":[{"i":[[0,0],[0,0],[0,0],[0,0]],"o":[[0,0],[0,0],[0,0],[0,0]],"v":[[0.062,0.531],[-245.763,-8.975],[-244,231.144],[-7.569,241.881]],"c":true}]},{"i":{"x":0.833,"y":0.833},"o":{"x":0.167,"y":0.167},"t":31.169,"s":[{"i":[[0,0],[0,0],[0,0],[0,0]],"o":[[0,0],[0,0],[0,0],[0,0]],"v":[[0.062,0.531],[-247.05,-3.806],[-246,237.794],[-3.4,244.702]],"c":true}]},{"i":{"x":0.833,"y":0.833},"o":{"x":0.167,"y":0.167},"t":31.568,"s":[{"i":[[0,0],[0,0],[0,0],[0,0]],"o":[[0,0],[0,0],[0,0],[0,0]],"v":[[0.062,0.531],[-248.65,-0.762],[-248,244.444],[-0.794,248.023]],"c":true}]},{"i":{"x":0.833,"y":0.833},"o":{"x":0.167,"y":0.167},"t":31.968,"s":[{"i":[[0,0],[0,0],[0,0],[0,0]],"o":[[0,0],[0,0],[0,0],[0,0]],"v":[[0.062,0.531],[-250,0.531],[-250,251.094],[0.062,251.094]],"c":true}]},{"i":{"x":0.833,"y":0.833},"o":{"x":0.167,"y":0.167},"t":71.928,"s":[{"i":[[0,0],[0,0],[0,0],[0,0]],"o":[[0,0],[0,0],[0,0],[0,0]],"v":[[0.062,0.531],[-250,0.531],[-250,251.094],[0.062,251.094]],"c":true}]},{"i":{"x":0.833,"y":0.833},"o":{"x":0.167,"y":0.167},"t":72.328,"s":[{"i":[[0,0],[0,0],[0,0],[0,0]],"o":[[0,0],[0,0],[0,0],[0,0]],"v":[[0.062,0.531],[-250,0.531],[-250,251.094],[-0.413,250.737]],"c":true}]},{"i":{"x":0.833,"y":0.833},"o":{"x":0.167,"y":0.167},"t":72.727,"s":[{"i":[[0,0],[0,0],[0,0],[0,0]],"o":[[0,0],[0,0],[0,0],[0,0]],"v":[[0.062,0.531],[-250,0.531],[-250,251.094],[-1.606,250.389]],"c":true}]},{"i":{"x":0.833,"y":0.833},"o":{"x":0.167,"y":0.167},"t":73.127,"s":[{"i":[[0,0],[0,0],[0,0],[0,0]],"o":[[0,0],[0,0],[0,0],[0,0]],"v":[[0.062,0.531],[-250,0.531],[-250,251.094],[-3.133,250.291]],"c":true}]},{"i":{"x":0.833,"y":0.833},"o":{"x":0.167,"y":0.167},"t":73.526,"s":[{"i":[[0,0],[0,0],[0,0],[0,0]],"o":[[0,0],[0,0],[0,0],[0,0]],"v":[[0.062,0.531],[-250,0.531],[-250,251.094],[-5.911,250.567]],"c":true}]},{"i":{"x":0.833,"y":0.833},"o":{"x":0.167,"y":0.167},"t":73.926,"s":[{"i":[[0,0],[0,0],[0,0],[0,0]],"o":[[0,0],[0,0],[0,0],[0,0]],"v":[[0.062,0.531],[-250,0.531],[-250,251.094],[-9.438,249.469]],"c":true}]},{"i":{"x":0.833,"y":0.833},"o":{"x":0.167,"y":0.167},"t":74.326,"s":[{"i":[[0,0],[0,0],[0,0],[0,0]],"o":[[0,0],[0,0],[0,0],[0,0]],"v":[[0.062,0.531],[-250,0.531],[-250,251.094],[-13.863,248.819]],"c":true}]},{"i":{"x":0.833,"y":0.833},"o":{"x":0.167,"y":0.167},"t":74.725,"s":[{"i":[[0,0],[0,0],[0,0],[0,0]],"o":[[0,0],[0,0],[0,0],[0,0]],"v":[[0.062,0.531],[-250,0.531],[-250,251.094],[-19.131,248.45]],"c":true}]},{"i":{"x":0.833,"y":0.833},"o":{"x":0.167,"y":0.167},"t":75.125,"s":[{"i":[[0,0],[0,0],[0,0],[0,0]],"o":[[0,0],[0,0],[0,0],[0,0]],"v":[[0.062,0.531],[-250,0.531],[-250,251.094],[-25.525,247.706]],"c":true}]},{"i":{"x":0.833,"y":0.833},"o":{"x":0.167,"y":0.167},"t":75.524,"s":[{"i":[[0,0],[0,0],[0,0],[0,0]],"o":[[0,0],[0,0],[0,0],[0,0]],"v":[[0.062,0.531],[-250,0.531],[-250,251.094],[-32.981,246.525]],"c":true}]},{"i":{"x":0.833,"y":0.833},"o":{"x":0.167,"y":0.167},"t":75.924,"s":[{"i":[[0,0],[0,0],[0,0],[0,0]],"o":[[0,0],[0,0],[0,0],[0,0]],"v":[[0.062,0.531],[-250,0.531],[-250,251.094],[-41.313,244.594]],"c":true}]},{"i":{"x":0.833,"y":0.833},"o":{"x":0.167,"y":0.167},"t":76.324,"s":[{"i":[[0,0],[0,0],[0,0],[0,0]],"o":[[0,0],[0,0],[0,0],[0,0]],"v":[[0.062,0.531],[-250,0.531],[-250,251.094],[-51.438,243.494]],"c":true}]},{"i":{"x":0.833,"y":0.833},"o":{"x":0.167,"y":0.167},"t":76.723,"s":[{"i":[[0,0],[0,0],[0,0],[0,0]],"o":[[0,0],[0,0],[0,0],[0,0]],"v":[[0.062,0.531],[-250,0.531],[-250,251.094],[-62.688,241.894]],"c":true}]},{"i":{"x":0.833,"y":0.833},"o":{"x":0.167,"y":0.167},"t":77.123,"s":[{"i":[[0,0],[0,0],[0,0],[0,0]],"o":[[0,0],[0,0],[0,0],[0,0]],"v":[[0.062,0.531],[-250,0.531],[-250,251.094],[-75.396,240.21]],"c":true}]},{"i":{"x":0.833,"y":0.833},"o":{"x":0.167,"y":0.167},"t":77.522,"s":[{"i":[[0,0],[0,0],[0,0],[0,0]],"o":[[0,0],[0,0],[0,0],[0,0]],"v":[[0.062,0.531],[-250,0.531],[-250,251.094],[-89.417,237.652]],"c":true}]},{"i":{"x":0.833,"y":0.833},"o":{"x":0.167,"y":0.167},"t":77.922,"s":[{"i":[[0,0],[0,0],[0,0],[0,0]],"o":[[0,0],[0,0],[0,0],[0,0]],"v":[[0.062,0.531],[-250,0.531],[-250,251.094],[-104.938,234.594]],"c":true}]},{"i":{"x":0.833,"y":0.833},"o":{"x":0.167,"y":0.167},"t":78.322,"s":[{"i":[[0,0],[0,0],[0,0],[0,0]],"o":[[0,0],[0,0],[0,0],[0,0]],"v":[[0.062,0.531],[-250,0.531],[-250,224.144],[-116.413,219.594]],"c":true}]},{"i":{"x":0.833,"y":0.833},"o":{"x":0.167,"y":0.167},"t":78.721,"s":[{"i":[[0,0],[0,0],[0,0],[0,0]],"o":[[0,0],[0,0],[0,0],[0,0]],"v":[[0.062,0.531],[-250,0.531],[-250,197.194],[-127.856,204.656]],"c":true}]},{"i":{"x":0.833,"y":0.833},"o":{"x":0.167,"y":0.167},"t":79.121,"s":[{"i":[[0,0],[0,0],[0,0],[0,0]],"o":[[0,0],[0,0],[0,0],[0,0]],"v":[[0.062,0.531],[-250,0.531],[-250,170.244],[-139.133,189.802]],"c":true}]},{"i":{"x":0.833,"y":0.833},"o":{"x":0.167,"y":0.167},"t":79.52,"s":[{"i":[[0,0],[0,0],[0,0],[0,0]],"o":[[0,0],[0,0],[0,0],[0,0]],"v":[[0.062,0.531],[-250,0.531],[-250,143.294],[-150.661,175.323]],"c":true}]},{"i":{"x":0.833,"y":0.833},"o":{"x":0.167,"y":0.167},"t":79.92,"s":[{"i":[[0,0],[0,0],[0,0],[0,0]],"o":[[0,0],[0,0],[0,0],[0,0]],"v":[[0.062,0.531],[-250,0.531],[-250,116.344],[-161.688,160.844]],"c":true}]},{"i":{"x":0.833,"y":0.833},"o":{"x":0.167,"y":0.167},"t":80.32,"s":[{"i":[[0,0],[0,0],[0,0],[0,0]],"o":[[0,0],[0,0],[0,0],[0,0]],"v":[[0.062,0.531],[-250,0.531],[-250,96.194],[-168.413,143.469]],"c":true}]},{"i":{"x":0.833,"y":0.833},"o":{"x":0.167,"y":0.167},"t":80.719,"s":[{"i":[[0,0],[0,0],[0,0],[0,0]],"o":[[0,0],[0,0],[0,0],[0,0]],"v":[[0.062,0.531],[-250,0.531],[-250,76.044],[-174.356,126.875]],"c":true}]},{"i":{"x":0.833,"y":0.833},"o":{"x":0.167,"y":0.167},"t":81.119,"s":[{"i":[[0,0],[0,0],[0,0],[0,0]],"o":[[0,0],[0,0],[0,0],[0,0]],"v":[[0.062,0.531],[-250,0.531],[-250,55.894],[-179.967,111.281]],"c":true}]},{"i":{"x":0.833,"y":0.833},"o":{"x":0.167,"y":0.167},"t":81.518,"s":[{"i":[[0,0],[0,0],[0,0],[0,0]],"o":[[0,0],[0,0],[0,0],[0,0]],"v":[[0.062,0.531],[-250,0.531],[-250,35.744],[-184.702,97.062]],"c":true}]},{"i":{"x":0.833,"y":0.833},"o":{"x":0.167,"y":0.167},"t":81.918,"s":[{"i":[[0,0],[0,0],[0,0],[0,0]],"o":[[0,0],[0,0],[0,0],[0,0]],"v":[[0.062,0.531],[-250,0.531],[-250,15.594],[-189.563,84.219]],"c":true}]},{"i":{"x":0.833,"y":0.833},"o":{"x":0.167,"y":0.167},"t":82.318,"s":[{"i":[[0,0],[0,0],[0,0],[0,0]],"o":[[0,0],[0,0],[0,0],[0,0]],"v":[[0.062,0.531],[-250,0.531],[-250,13.719],[-194.088,72.319]],"c":true}]},{"i":{"x":0.833,"y":0.833},"o":{"x":0.167,"y":0.167},"t":82.717,"s":[{"i":[[0,0],[0,0],[0,0],[0,0]],"o":[[0,0],[0,0],[0,0],[0,0]],"v":[[0.062,0.531],[-250,0.531],[-250,11.844],[-198.675,61.575]],"c":true}]},{"i":{"x":0.833,"y":0.833},"o":{"x":0.167,"y":0.167},"t":83.117,"s":[{"i":[[0,0],[0,0],[0,0],[0,0]],"o":[[0,0],[0,0],[0,0],[0,0]],"v":[[0.062,0.531],[-250,0.531],[-250,9.969],[-203.138,51.956]],"c":true}]},{"i":{"x":0.833,"y":0.833},"o":{"x":0.167,"y":0.167},"t":83.516,"s":[{"i":[[0,0],[0,0],[0,0],[0,0]],"o":[[0,0],[0,0],[0,0],[0,0]],"v":[[0.062,0.531],[-250,0.531],[-250,8.094],[-207.038,43.15]],"c":true}]},{"i":{"x":0.833,"y":0.833},"o":{"x":0.167,"y":0.167},"t":83.916,"s":[{"i":[[0,0],[0,0],[0,0],[0,0]],"o":[[0,0],[0,0],[0,0],[0,0]],"v":[[0.062,0.531],[-250,0.531],[-250,6.219],[-212.188,35.344]],"c":true}]},{"i":{"x":0.833,"y":0.833},"o":{"x":0.167,"y":0.167},"t":84.316,"s":[{"i":[[0,0],[0,0],[0,0],[0,0]],"o":[[0,0],[0,0],[0,0],[0,0]],"v":[[0.062,0.531],[-250,0.531],[-250,5.644],[-214.375,28.131]],"c":true}]},{"i":{"x":0.833,"y":0.833},"o":{"x":0.167,"y":0.167},"t":84.715,"s":[{"i":[[0,0],[0,0],[0,0],[0,0]],"o":[[0,0],[0,0],[0,0],[0,0]],"v":[[0.062,0.531],[-250,0.531],[-250,5.069],[-215.547,21.653]],"c":true}]},{"i":{"x":0.833,"y":0.833},"o":{"x":0.167,"y":0.167},"t":85.115,"s":[{"i":[[0,0],[0,0],[0,0],[0,0]],"o":[[0,0],[0,0],[0,0],[0,0]],"v":[[0.062,0.531],[-250,0.531],[-250,4.494],[-216.011,16.196]],"c":true}]},{"i":{"x":0.833,"y":0.833},"o":{"x":0.167,"y":0.167},"t":85.514,"s":[{"i":[[0,0],[0,0],[0,0],[0,0]],"o":[[0,0],[0,0],[0,0],[0,0]],"v":[[0.062,0.531],[-250,0.531],[-250,3.919],[-216.287,11.645]],"c":true}]},{"i":{"x":0.833,"y":0.833},"o":{"x":0.167,"y":0.167},"t":85.914,"s":[{"i":[[0,0],[0,0],[0,0],[0,0]],"o":[[0,0],[0,0],[0,0],[0,0]],"v":[[0.062,0.531],[-250,0.531],[-250,3.344],[-216.563,7.719]],"c":true}]},{"i":{"x":0.833,"y":0.833},"o":{"x":0.167,"y":0.167},"t":86.314,"s":[{"i":[[0,0],[0,0],[0,0],[0,0]],"o":[[0,0],[0,0],[0,0],[0,0]],"v":[[0.062,0.531],[-250,0.531],[-250,2.533],[-217.15,4.908]],"c":true}]},{"i":{"x":0.833,"y":0.833},"o":{"x":0.167,"y":0.167},"t":86.713,"s":[{"i":[[0,0],[0,0],[0,0],[0,0]],"o":[[0,0],[0,0],[0,0],[0,0]],"v":[[0.062,0.531],[-250,0.531],[-250,1.723],[-217.775,2.473]],"c":true}]},{"i":{"x":0.833,"y":0.833},"o":{"x":0.167,"y":0.167},"t":87.113,"s":[{"i":[[0,0],[0,0],[0,0],[0,0]],"o":[[0,0],[0,0],[0,0],[0,0]],"v":[[0.062,0.531],[-250,0.531],[-250,0.912],[-218.194,1.256]],"c":true}]},{"i":{"x":0.833,"y":0.833},"o":{"x":0.167,"y":0.167},"t":87.512,"s":[{"i":[[0,0],[0,0],[0,0],[0,0]],"o":[[0,0],[0,0],[0,0],[0,0]],"v":[[0.062,0.531],[-250,0.531],[-250,0.769],[-218.738,1.019]],"c":true}]},{"t":87.9119923909505,"s":[{"i":[[0,0],[0,0],[0,0],[0,0]],"o":[[0,0],[0,0],[0,0],[0,0]],"v":[[0.062,0.531],[-250,0.531],[-250,0.594],[-218.813,0.594]],"c":true}]}],"ix":1},"o":{"a":0,"k":100,"ix":3},"x":{"a":0,"k":0,"ix":4},"nm":"Mask 3"}],"shapes":[{"ty":"gr","it":[{"ty":"rc","d":1,"s":{"a":0,"k":[500,501],"ix":2},"p":{"a":0,"k":[0,0],"ix":3},"r":{"a":0,"k":0,"ix":4},"nm":"Rectangle Path 1","mn":"ADBE Vector Shape - Rect","hd":false},{"ty":"fl","c":{"a":0,"k":[0.960784014534,0.960784014534,0.960784014534,1],"ix":4},"o":{"a":0,"k":100,"ix":5},"r":1,"bm":0,"nm":"Fill 1","mn":"ADBE Vector Graphic - Fill","hd":false},{"ty":"tr","p":{"a":0,"k":[0,0],"ix":2},"a":{"a":0,"k":[0,0],"ix":1},"s":{"a":0,"k":[100,100],"ix":3},"r":{"a":0,"k":0,"ix":6},"o":{"a":0,"k":100,"ix":7},"sk":{"a":0,"k":0,"ix":4},"sa":{"a":0,"k":0,"ix":5},"nm":"Transform"}],"nm":"Rectangle 1","np":2,"cix":2,"bm":0,"ix":1,"mn":"ADBE Vector Group","hd":false}],"ip":0,"op":119.999989613637,"st":0,"ct":1,"bm":0},{"ddd":0,"ind":2,"ty":4,"nm":"logo - e inner","sr":1,"ks":{"o":{"a":1,"k":[{"t":0,"s":[0],"h":1},{"t":1.998,"s":[100],"h":1},{"t":83.1167928059896,"s":[0],"h":1}],"ix":11},"r":{"a":1,"k":[{"i":{"x":[0.25],"y":[1]},"o":{"x":[0.419],"y":[0]},"t":3.996,"s":[0]},{"t":31.9679972330729,"s":[360]}],"ix":10},"p":{"s":true,"x":{"a":0,"k":250,"ix":3},"y":{"a":0,"k":249.5,"ix":4}},"a":{"a":0,"k":[0,0,0],"ix":1,"l":2},"s":{"a":1,"k":[{"i":{"x":[0.15,0.15,0.15],"y":[1,1,1]},"o":{"x":[0.35,0.35,0.35],"y":[0,0,0]},"t":0,"s":[0,0,100]},{"i":{"x":[0.5,0.5,0.5],"y":[1,1,1]},"o":{"x":[0.238,0.238,0.238],"y":[0,0,0]},"t":12.388,"s":[101.5,101.5,100]},{"i":{"x":[0.5,0.5,0.5],"y":[1,1,1]},"o":{"x":[0.5,0.5,0.5],"y":[0,0,0]},"t":23.976,"s":[101.5,101.5,100]},{"i":{"x":[0.601,0.601,0.601],"y":[1,1,1]},"o":{"x":[0.5,0.5,0.5],"y":[0,0,0]},"t":34.366,"s":[100,100,100]},{"i":{"x":[0.5,0.5,0.5],"y":[1,1,1]},"o":{"x":[0.5,0.5,0.5],"y":[0,0,0]},"t":71.928,"s":[100,100,100]},{"t":87.9119923909505,"s":[0,0,100]}],"ix":6,"l":2}},"ao":0,"hasMask":true,"masksProperties":[{"inv":false,"mode":"a","pt":{"a":0,"k":{"i":[[0,0],[0,0],[0,0],[0,0]],"o":[[0,0],[0,0],[0,0],[0,0]],"v":[[250,-250.5],[-250,-250.5],[-250,0.531],[250,0.531]],"c":true},"ix":1},"o":{"a":0,"k":100,"ix":3},"x":{"a":0,"k":0,"ix":4},"nm":"Mask 1"}],"shapes":[{"ty":"gr","it":[{"d":2,"ty":"el","s":{"a":0,"k":[231.492,231.492],"ix":2},"p":{"a":0,"k":[0,0],"ix":3},"nm":"Ellipse Path 3","mn":"ADBE Vector Shape - Ellipse","hd":false},{"ty":"fl","c":{"a":0,"k":[1,1,1,1],"ix":4},"o":{"a":0,"k":100,"ix":5},"r":1,"bm":0,"nm":"Fill 1","mn":"ADBE Vector Graphic - Fill","hd":false},{"ty":"tr","p":{"a":0,"k":[0,0],"ix":2},"a":{"a":0,"k":[0,0],"ix":1},"s":{"a":0,"k":[100,100],"ix":3},"r":{"a":0,"k":0,"ix":6},"o":{"a":0,"k":100,"ix":7},"sk":{"a":0,"k":0,"ix":4},"sa":{"a":0,"k":0,"ix":5},"nm":"Transform"}],"nm":"Part 1 fill","np":2,"cix":2,"bm":0,"ix":1,"mn":"ADBE Vector Group","hd":false}],"ip":0,"op":119.999989613637,"st":0,"ct":1,"bm":0}]}],"layers":[{"ddd":0,"ind":1,"ty":0,"nm":"Logo","refId":"comp_0","sr":1,"ks":{"o":{"a":1,"k":[{"i":{"x":[0.5],"y":[1]},"o":{"x":[0.5],"y":[0]},"t":72,"s":[100]},{"t":102.999991085038,"s":[0]}],"ix":11},"r":{"a":0,"k":0,"ix":10},"p":{"s":true,"x":{"a":0,"k":900,"ix":3},"y":{"a":0,"k":300,"ix":4}},"a":{"a":0,"k":[1000,1000,0],"ix":1,"l":2},"s":{"a":1,"k":[{"i":{"x":[0.5,0.5,0.5],"y":[1,1,1]},"o":{"x":[0.5,0.5,0.5],"y":[0,0,0]},"t":72,"s":[100,100,100]},{"t":102.999991085038,"s":[70,70,100]}],"ix":6,"l":2}},"ao":0,"ef":[{"ty":21,"nm":"Fill","np":9,"mn":"ADBE Fill","ix":1,"en":1,"ef":[{"ty":10,"nm":"Fill Mask","mn":"ADBE Fill-0001","ix":1,"v":{"a":0,"k":0,"ix":1}},{"ty":7,"nm":"All Masks","mn":"ADBE Fill-0007","ix":2,"v":{"a":0,"k":0,"ix":2}},{"ty":2,"nm":"Color","mn":"ADBE Fill-0002","ix":3,"v":{"a":0,"k":[0.803921580315,0.960784316063,0.176470592618,1],"ix":3}},{"ty":7,"nm":"Invert","mn":"ADBE Fill-0006","ix":4,"v":{"a":0,"k":0,"ix":4}},{"ty":0,"nm":"Horizontal Feather","mn":"ADBE Fill-0003","ix":5,"v":{"a":0,"k":0,"ix":5}},{"ty":0,"nm":"Vertical Feather","mn":"ADBE Fill-0004","ix":6,"v":{"a":0,"k":0,"ix":6}},{"ty":0,"nm":"Opacity","mn":"ADBE Fill-0005","ix":7,"v":{"a":0,"k":1,"ix":7}}]}],"tm":{"a":1,"k":[{"i":{"x":[0.833],"y":[0.833]},"o":{"x":[0.167],"y":[0.167]},"t":0,"s":[0]},{"t":71.9999937681822,"s":[3.003]}],"ix":2},"w":2000,"h":2000,"ip":0,"op":103.999990998485,"st":0,"bm":0}],"markers":[]}