{"v":"5.10.2","fr":30,"ip":0,"op":900,"w":2520,"h":2600,"nm":"Background - Version 4","ddd":0,"assets":[{"id":"image_0","w":888,"h":2,"u":"images/","p":"img_0.png","e":0},{"id":"image_1","w":1366,"h":276,"u":"images/","p":"img_1.png","e":0},{"id":"image_2","w":1366,"h":276,"u":"images/","p":"img_2.png","e":0},{"id":"image_3","w":1366,"h":276,"u":"images/","p":"img_3.png","e":0},{"id":"image_4","w":1366,"h":276,"u":"images/","p":"img_4.png","e":0},{"id":"image_5","w":1366,"h":277,"u":"images/","p":"img_5.png","e":0},{"id":"image_6","w":1366,"h":277,"u":"images/","p":"img_6.png","e":0},{"id":"image_7","w":1366,"h":277,"u":"images/","p":"img_7.png","e":0},{"id":"image_8","w":1366,"h":277,"u":"images/","p":"img_8.png","e":0},{"id":"image_9","w":1920,"h":1080,"u":"images/","p":"img_9.png","e":0},{"id":"comp_0","nm":"Background - Glitch move 13","fr":30,"layers":[{"ddd":0,"ind":1,"ty":0,"nm":"Background - Glitch 11","refId":"comp_1","sr":1,"ks":{"o":{"a":0,"k":100,"ix":11},"r":{"a":0,"k":90,"ix":10},"p":{"s":true,"x":{"a":0,"k":2,"ix":3},"y":{"a":1,"k":[{"i":{"x":[0.833],"y":[0.833]},"o":{"x":[0.167],"y":[0.167]},"t":0,"s":[25]},{"t":90,"s":[515]}],"ix":4}},"a":{"a":0,"k":[100,2,0],"ix":1,"l":2},"s":{"a":0,"k":[50,50,100],"ix":6,"l":2}},"ao":0,"w":200,"h":4,"ip":0,"op":90,"st":0,"bm":0}]},{"id":"comp_1","nm":"Background - Glitch 6","fr":30,"layers":[{"ddd":0,"ind":1,"ty":4,"nm":"glitch 2","sr":1,"ks":{"o":{"a":1,"k":[{"t":0,"s":[0],"h":1},{"t":20,"s":[100],"h":1},{"t":26,"s":[0],"h":1},{"t":30,"s":[100],"h":1},{"t":32,"s":[0],"h":1},{"t":34,"s":[100],"h":1},{"t":43,"s":[0],"h":1},{"t":47,"s":[100],"h":1},{"t":51,"s":[0],"h":1},{"t":55,"s":[100],"h":1},{"t":74,"s":[0],"h":1},{"t":78,"s":[100],"h":1},{"t":80,"s":[0],"h":1},{"t":82,"s":[100],"h":1},{"t":84,"s":[0],"h":1}],"ix":11},"r":{"a":0,"k":0,"ix":10},"p":{"s":true,"x":{"a":1,"k":[{"i":{"x":[0.833],"y":[0.833]},"o":{"x":[0.5],"y":[0.501]},"t":20,"s":[75]},{"t":90,"s":[26]}],"ix":3},"y":{"a":0,"k":2,"ix":4}},"a":{"a":0,"k":[0,0,0],"ix":1,"l":2},"s":{"a":0,"k":[100,100,100],"ix":6,"l":2}},"ao":0,"shapes":[{"ty":"gr","it":[{"ty":"rc","d":1,"s":{"a":0,"k":[4,4],"ix":2},"p":{"a":0,"k":[0,0],"ix":3},"r":{"a":0,"k":0,"ix":4},"nm":"Rectangle Path 1","mn":"ADBE Vector Shape - Rect","hd":false},{"ty":"fl","c":{"a":0,"k":[0.960784375668,0.960784375668,0.960784375668,1],"ix":4},"o":{"a":0,"k":100,"ix":5},"r":1,"bm":0,"nm":"Fill 1","mn":"ADBE Vector Graphic - Fill","hd":false},{"ty":"tr","p":{"a":0,"k":[0,0],"ix":2},"a":{"a":0,"k":[0,0],"ix":1},"s":{"a":0,"k":[100,100],"ix":3},"r":{"a":0,"k":0,"ix":6},"o":{"a":0,"k":100,"ix":7},"sk":{"a":0,"k":0,"ix":4},"sa":{"a":0,"k":0,"ix":5},"nm":"Transform"}],"nm":"Rectangle 1","np":2,"cix":2,"bm":0,"ix":1,"mn":"ADBE Vector Group","hd":false}],"ip":0,"op":300,"st":0,"ct":1,"bm":0},{"ddd":0,"ind":2,"ty":4,"nm":"glitch 1","sr":1,"ks":{"o":{"a":1,"k":[{"t":0,"s":[0],"h":1},{"t":1,"s":[100],"h":1},{"t":5,"s":[0],"h":1},{"t":9,"s":[100],"h":1},{"t":61,"s":[0],"h":1},{"t":65,"s":[100],"h":1},{"t":67,"s":[0],"h":1},{"t":69,"s":[100],"h":1},{"t":86,"s":[0],"h":1},{"t":88,"s":[100],"h":1},{"t":90,"s":[0],"h":1}],"ix":11},"r":{"a":0,"k":0,"ix":10},"p":{"s":true,"x":{"a":1,"k":[{"i":{"x":[0.5],"y":[0.85]},"o":{"x":[0.167],"y":[0.167]},"t":0,"s":[40]},{"i":{"x":[0.833],"y":[0.833]},"o":{"x":[0.5],"y":[0.157]},"t":20,"s":[75]},{"t":90,"s":[192]}],"ix":3},"y":{"a":0,"k":2,"ix":4}},"a":{"a":0,"k":[0,0,0],"ix":1,"l":2},"s":{"a":0,"k":[100,100,100],"ix":6,"l":2}},"ao":0,"shapes":[{"ty":"gr","it":[{"ty":"rc","d":1,"s":{"a":0,"k":[4,4],"ix":2},"p":{"a":0,"k":[0,0],"ix":3},"r":{"a":0,"k":0,"ix":4},"nm":"Rectangle Path 1","mn":"ADBE Vector Shape - Rect","hd":false},{"ty":"fl","c":{"a":0,"k":[0.960784375668,0.960784375668,0.960784375668,1],"ix":4},"o":{"a":0,"k":100,"ix":5},"r":1,"bm":0,"nm":"Fill 1","mn":"ADBE Vector Graphic - Fill","hd":false},{"ty":"tr","p":{"a":0,"k":[0,0],"ix":2},"a":{"a":0,"k":[0,0],"ix":1},"s":{"a":0,"k":[100,100],"ix":3},"r":{"a":0,"k":0,"ix":6},"o":{"a":0,"k":100,"ix":7},"sk":{"a":0,"k":0,"ix":4},"sa":{"a":0,"k":0,"ix":5},"nm":"Transform"}],"nm":"Rectangle 2","np":2,"cix":2,"bm":0,"ix":1,"mn":"ADBE Vector Group","hd":false}],"ip":0,"op":300,"st":0,"ct":1,"bm":0}]},{"id":"comp_2","nm":"Background - Glitch move 6","fr":30,"layers":[{"ddd":0,"ind":1,"ty":0,"nm":"Background - Glitch 18","refId":"comp_3","sr":1,"ks":{"o":{"a":0,"k":100,"ix":11},"r":{"a":0,"k":0,"ix":10},"p":{"s":true,"x":{"a":1,"k":[{"i":{"x":[0.833],"y":[0.833]},"o":{"x":[0.167],"y":[0.167]},"t":0,"s":[42]},{"t":90,"s":[732]}],"ix":3},"y":{"a":0,"k":2,"ix":4}},"a":{"a":0,"k":[100,2,0],"ix":1,"l":2},"s":{"a":0,"k":[50,50,100],"ix":6,"l":2}},"ao":0,"w":200,"h":4,"ip":0,"op":90,"st":0,"bm":0}]},{"id":"comp_3","nm":"Background - Glitch 8","fr":30,"layers":[{"ddd":0,"ind":1,"ty":4,"nm":"glitch 1","sr":1,"ks":{"o":{"a":1,"k":[{"t":0,"s":[0],"h":1},{"t":1,"s":[100],"h":1},{"t":22,"s":[0],"h":1},{"t":26,"s":[100],"h":1},{"t":28,"s":[0],"h":1},{"t":32,"s":[100],"h":1},{"t":34,"s":[0],"h":1},{"t":36,"s":[100],"h":1},{"t":52,"s":[0],"h":1},{"t":56,"s":[100],"h":1},{"t":60,"s":[0],"h":1},{"t":64,"s":[100],"h":1},{"t":72,"s":[0],"h":1},{"t":74,"s":[100],"h":1},{"t":82,"s":[0],"h":1},{"t":84,"s":[100],"h":1},{"t":86,"s":[0],"h":1},{"t":88,"s":[100],"h":1},{"t":90,"s":[0],"h":1}],"ix":11},"r":{"a":0,"k":0,"ix":10},"p":{"s":true,"x":{"a":1,"k":[{"i":{"x":[0.833],"y":[0.833]},"o":{"x":[0.167],"y":[0.167]},"t":0,"s":[4]},{"t":90,"s":[196]}],"ix":3},"y":{"a":0,"k":2,"ix":4}},"a":{"a":0,"k":[0,0,0],"ix":1,"l":2},"s":{"a":0,"k":[100,100,100],"ix":6,"l":2}},"ao":0,"shapes":[{"ty":"gr","it":[{"ty":"gr","it":[{"ty":"rc","d":1,"s":{"a":0,"k":[8,4],"ix":2},"p":{"a":0,"k":[0,0],"ix":3},"r":{"a":0,"k":0,"ix":4},"nm":"Rectangle Path 1","mn":"ADBE Vector Shape - Rect","hd":false},{"ty":"fl","c":{"a":0,"k":[0.960784375668,0.960784375668,0.960784375668,1],"ix":4},"o":{"a":0,"k":100,"ix":5},"r":1,"bm":0,"nm":"Fill 1","mn":"ADBE Vector Graphic - Fill","hd":false},{"ty":"tr","p":{"a":0,"k":[0,0],"ix":2},"a":{"a":0,"k":[0,0],"ix":1},"s":{"a":0,"k":[100,100],"ix":3},"r":{"a":0,"k":0,"ix":6},"o":{"a":0,"k":100,"ix":7},"sk":{"a":0,"k":0,"ix":4},"sa":{"a":0,"k":0,"ix":5},"nm":"Transform"}],"nm":"Rectangle 1","np":2,"cix":2,"bm":0,"ix":1,"mn":"ADBE Vector Group","hd":false},{"ty":"tr","p":{"a":0,"k":[0,0],"ix":2},"a":{"a":0,"k":[0,0],"ix":1},"s":{"a":0,"k":[100,100],"ix":3},"r":{"a":0,"k":0,"ix":6},"o":{"a":0,"k":100,"ix":7},"sk":{"a":0,"k":0,"ix":4},"sa":{"a":0,"k":0,"ix":5},"nm":"Transform"}],"nm":"Group 7","np":1,"cix":2,"bm":0,"ix":1,"mn":"ADBE Vector Group","hd":false}],"ip":0,"op":90,"st":0,"ct":1,"bm":0}]},{"id":"comp_4","nm":"Background - Glitch move 12","fr":30,"layers":[{"ddd":0,"ind":1,"ty":0,"nm":"Background - Glitch 12","refId":"comp_1","sr":1,"ks":{"o":{"a":0,"k":100,"ix":11},"r":{"a":0,"k":90,"ix":10},"p":{"s":true,"x":{"a":0,"k":2,"ix":3},"y":{"a":1,"k":[{"i":{"x":[0.833],"y":[0.833]},"o":{"x":[0.167],"y":[0.167]},"t":0,"s":[25]},{"t":90,"s":[515]}],"ix":4}},"a":{"a":0,"k":[100,2,0],"ix":1,"l":2},"s":{"a":0,"k":[50,50,100],"ix":6,"l":2}},"ao":0,"w":200,"h":4,"ip":0,"op":90,"st":0,"bm":0}]},{"id":"comp_5","nm":"Background - Glitch move 4","fr":30,"layers":[{"ddd":0,"ind":1,"ty":0,"nm":"Background - Glitch 13","refId":"comp_1","sr":1,"ks":{"o":{"a":0,"k":100,"ix":11},"r":{"a":0,"k":90,"ix":10},"p":{"s":true,"x":{"a":0,"k":2,"ix":3},"y":{"a":1,"k":[{"i":{"x":[0.833],"y":[0.833]},"o":{"x":[0.167],"y":[0.167]},"t":0,"s":[25]},{"t":90,"s":[515]}],"ix":4}},"a":{"a":0,"k":[100,2,0],"ix":1,"l":2},"s":{"a":0,"k":[50,50,100],"ix":6,"l":2}},"ao":0,"w":200,"h":4,"ip":0,"op":90,"st":0,"bm":0}]},{"id":"comp_6","nm":"Background - Glitch move 2","fr":30,"layers":[{"ddd":0,"ind":1,"ty":0,"nm":"Background - Glitch 2","refId":"comp_7","sr":1,"ks":{"o":{"a":0,"k":100,"ix":11},"r":{"a":0,"k":0,"ix":10},"p":{"s":true,"x":{"a":1,"k":[{"i":{"x":[0.833],"y":[0.833]},"o":{"x":[0.167],"y":[0.167]},"t":0,"s":[44]},{"t":90,"s":[506]}],"ix":3},"y":{"a":0,"k":1,"ix":4}},"a":{"a":0,"k":[100,2,0],"ix":1,"l":2},"s":{"a":0,"k":[50,50,100],"ix":6,"l":2}},"ao":0,"w":200,"h":4,"ip":0,"op":90,"st":0,"bm":0}]},{"id":"comp_7","nm":"Background - Glitch 2","fr":30,"layers":[{"ddd":0,"ind":1,"ty":4,"nm":"glitch 2","sr":1,"ks":{"o":{"a":1,"k":[{"t":0,"s":[0],"h":1},{"t":24,"s":[100],"h":1},{"t":28,"s":[0],"h":1},{"t":32,"s":[100],"h":1},{"t":36,"s":[0],"h":1},{"t":38,"s":[100],"h":1},{"t":40,"s":[0],"h":1},{"t":42,"s":[100],"h":1},{"t":61,"s":[0],"h":1},{"t":65,"s":[100],"h":1},{"t":69,"s":[0],"h":1},{"t":73,"s":[100],"h":1},{"t":82,"s":[0],"h":1},{"t":84,"s":[100],"h":1},{"t":86,"s":[0],"h":1}],"ix":11},"r":{"a":0,"k":0,"ix":10},"p":{"s":true,"x":{"a":1,"k":[{"i":{"x":[0.833],"y":[0.833]},"o":{"x":[0.167],"y":[0.167]},"t":24,"s":[70.55]},{"t":90,"s":[30]}],"ix":3},"y":{"a":0,"k":2,"ix":4}},"a":{"a":0,"k":[0,0,0],"ix":1,"l":2},"s":{"a":0,"k":[100,100,100],"ix":6,"l":2}},"ao":0,"shapes":[{"ty":"gr","it":[{"ty":"gr","it":[{"ty":"rc","d":1,"s":{"a":1,"k":[{"i":{"x":[0.5,0.5],"y":[1,1]},"o":{"x":[0.167,0.167],"y":[0.167,0]},"t":0,"s":[4,4]},{"i":{"x":[0.833,0.833],"y":[0.833,1]},"o":{"x":[0.5,0.5],"y":[0,0]},"t":69,"s":[16,4]},{"t":90,"s":[4,4]}],"ix":2},"p":{"a":0,"k":[0,0],"ix":3},"r":{"a":0,"k":0,"ix":4},"nm":"Rectangle Path 1","mn":"ADBE Vector Shape - Rect","hd":false},{"ty":"fl","c":{"a":0,"k":[0.443137288094,0.521568655968,0.137254908681,1],"ix":4},"o":{"a":0,"k":100,"ix":5},"r":1,"bm":0,"nm":"Fill 1","mn":"ADBE Vector Graphic - Fill","hd":false},{"ty":"tr","p":{"a":0,"k":[0,0],"ix":2},"a":{"a":0,"k":[0,0],"ix":1},"s":{"a":0,"k":[100,100],"ix":3},"r":{"a":0,"k":0,"ix":6},"o":{"a":0,"k":100,"ix":7},"sk":{"a":0,"k":0,"ix":4},"sa":{"a":0,"k":0,"ix":5},"nm":"Transform"}],"nm":"Rectangle 2","np":2,"cix":2,"bm":0,"ix":1,"mn":"ADBE Vector Group","hd":false},{"ty":"tr","p":{"a":0,"k":[0,0],"ix":2},"a":{"a":0,"k":[0,0],"ix":1},"s":{"a":0,"k":[100,100],"ix":3},"r":{"a":0,"k":0,"ix":6},"o":{"a":0,"k":100,"ix":7},"sk":{"a":0,"k":0,"ix":4},"sa":{"a":0,"k":0,"ix":5},"nm":"Transform"}],"nm":"Group 1","np":1,"cix":2,"bm":0,"ix":1,"mn":"ADBE Vector Group","hd":false}],"ip":0,"op":90,"st":0,"ct":1,"bm":0},{"ddd":0,"ind":2,"ty":4,"nm":"glitch 1","sr":1,"ks":{"o":{"a":1,"k":[{"t":0,"s":[0],"h":1},{"t":1,"s":[100],"h":1},{"t":12,"s":[0],"h":1},{"t":16,"s":[100],"h":1},{"t":20,"s":[0],"h":1},{"t":22,"s":[100],"h":1},{"t":78,"s":[0],"h":1},{"t":82,"s":[100],"h":1},{"t":86,"s":[0],"h":1},{"t":88,"s":[100],"h":1},{"t":90,"s":[0],"h":1}],"ix":11},"r":{"a":0,"k":0,"ix":10},"p":{"s":true,"x":{"a":1,"k":[{"i":{"x":[0.5],"y":[1]},"o":{"x":[0.167],"y":[0.167]},"t":0,"s":[2]},{"i":{"x":[0.833],"y":[0.833]},"o":{"x":[0.5],"y":[0]},"t":60,"s":[150]},{"t":90,"s":[198]}],"ix":3},"y":{"a":0,"k":2,"ix":4}},"a":{"a":0,"k":[0,0,0],"ix":1,"l":2},"s":{"a":0,"k":[100,100,100],"ix":6,"l":2}},"ao":0,"shapes":[{"ty":"gr","it":[{"ty":"gr","it":[{"ty":"rc","d":1,"s":{"a":1,"k":[{"i":{"x":[0.5,0.5],"y":[1,1]},"o":{"x":[0.5,0.5],"y":[0,0]},"t":0,"s":[4,4]},{"i":{"x":[0.833,0.833],"y":[0.833,1]},"o":{"x":[0.5,0.5],"y":[0,0]},"t":60,"s":[100,4]},{"t":90,"s":[4,4]}],"ix":2},"p":{"a":0,"k":[0,0],"ix":3},"r":{"a":0,"k":0,"ix":4},"nm":"Rectangle Path 1","mn":"ADBE Vector Shape - Rect","hd":false},{"ty":"fl","c":{"a":0,"k":[0.803921639919,0.960784375668,0.176470592618,1],"ix":4},"o":{"a":0,"k":100,"ix":5},"r":1,"bm":0,"nm":"Fill 1","mn":"ADBE Vector Graphic - Fill","hd":false},{"ty":"tr","p":{"a":0,"k":[0,0],"ix":2},"a":{"a":0,"k":[0,0],"ix":1},"s":{"a":0,"k":[100,100],"ix":3},"r":{"a":0,"k":0,"ix":6},"o":{"a":0,"k":100,"ix":7},"sk":{"a":0,"k":0,"ix":4},"sa":{"a":0,"k":0,"ix":5},"nm":"Transform"}],"nm":"Rectangle 1","np":2,"cix":2,"bm":0,"ix":1,"mn":"ADBE Vector Group","hd":false},{"ty":"tr","p":{"a":0,"k":[0,0],"ix":2},"a":{"a":0,"k":[0,0],"ix":1},"s":{"a":0,"k":[100,100],"ix":3},"r":{"a":0,"k":0,"ix":6},"o":{"a":0,"k":100,"ix":7},"sk":{"a":0,"k":0,"ix":4},"sa":{"a":0,"k":0,"ix":5},"nm":"Transform"}],"nm":"Group 1","np":1,"cix":2,"bm":0,"ix":1,"mn":"ADBE Vector Group","hd":false}],"ip":0,"op":90,"st":0,"ct":1,"bm":0}]},{"id":"comp_8","nm":"Background - Glitch move 1","fr":30,"layers":[{"ddd":0,"ind":1,"ty":0,"nm":"Background - Glitch 16","refId":"comp_9","sr":1,"ks":{"o":{"a":0,"k":100,"ix":11},"r":{"a":0,"k":0,"ix":10},"p":{"s":true,"x":{"a":1,"k":[{"i":{"x":[0.833],"y":[0.833]},"o":{"x":[0.167],"y":[0.167]},"t":0,"s":[-3]},{"t":90,"s":[459]}],"ix":3},"y":{"a":0,"k":1,"ix":4}},"a":{"a":0,"k":[100,2,0],"ix":1,"l":2},"s":{"a":0,"k":[50,50,100],"ix":6,"l":2}},"ao":0,"w":200,"h":4,"ip":0,"op":90,"st":0,"bm":0}]},{"id":"comp_9","nm":"Background - Glitch 1","fr":30,"layers":[{"ddd":0,"ind":1,"ty":4,"nm":"glitch 3","sr":1,"ks":{"o":{"a":1,"k":[{"t":0,"s":[0],"h":1},{"t":25,"s":[100],"h":1},{"t":72,"s":[0],"h":1},{"t":76,"s":[100],"h":1},{"t":80,"s":[0],"h":1},{"t":84,"s":[100],"h":1},{"t":86,"s":[0],"h":1},{"t":88,"s":[100],"h":1},{"t":90,"s":[0],"h":1}],"ix":11},"r":{"a":0,"k":0,"ix":10},"p":{"s":true,"x":{"a":1,"k":[{"i":{"x":[0.5],"y":[1]},"o":{"x":[0.5],"y":[0]},"t":0,"s":[198]},{"t":90,"s":[2]}],"ix":3},"y":{"a":0,"k":2,"ix":4}},"a":{"a":0,"k":[0,0,0],"ix":1,"l":2},"s":{"a":0,"k":[100,100,100],"ix":6,"l":2}},"ao":0,"shapes":[{"ty":"gr","it":[{"ty":"rc","d":1,"s":{"a":1,"k":[{"i":{"x":[0.5,0.5],"y":[1,1]},"o":{"x":[0.167,0.167],"y":[0.167,0]},"t":25,"s":[4,4]},{"i":{"x":[0.5,0.5],"y":[1,1]},"o":{"x":[0.5,0.5],"y":[0,0]},"t":39,"s":[24,4]},{"i":{"x":[0.833,0.833],"y":[0.833,1]},"o":{"x":[0.5,0.5],"y":[0,0]},"t":42,"s":[24,4]},{"t":80,"s":[4,4]}],"ix":2},"p":{"a":0,"k":[0,0],"ix":3},"r":{"a":0,"k":0,"ix":4},"nm":"Rectangle Path 1","mn":"ADBE Vector Shape - Rect","hd":false},{"ty":"fl","c":{"a":0,"k":[0.749019607843,0.623529411765,1,1],"ix":4},"o":{"a":0,"k":100,"ix":5},"r":1,"bm":0,"nm":"Fill 1","mn":"ADBE Vector Graphic - Fill","hd":false},{"ty":"tr","p":{"a":0,"k":[0,0],"ix":2},"a":{"a":0,"k":[0,0],"ix":1},"s":{"a":0,"k":[100,100],"ix":3},"r":{"a":0,"k":0,"ix":6},"o":{"a":0,"k":100,"ix":7},"sk":{"a":0,"k":0,"ix":4},"sa":{"a":0,"k":0,"ix":5},"nm":"Transform"}],"nm":"Rectangle 1","np":2,"cix":2,"bm":0,"ix":1,"mn":"ADBE Vector Group","hd":false}],"ip":0,"op":90,"st":0,"ct":1,"bm":0},{"ddd":0,"ind":2,"ty":4,"nm":"glitch 2","sr":1,"ks":{"o":{"a":1,"k":[{"t":0,"s":[0],"h":1},{"t":32,"s":[100],"h":1},{"t":72,"s":[0],"h":1},{"t":76,"s":[100],"h":1},{"t":78,"s":[0],"h":1},{"t":80,"s":[100],"h":1},{"t":82,"s":[0],"h":1}],"ix":11},"r":{"a":0,"k":0,"ix":10},"p":{"s":true,"x":{"a":1,"k":[{"i":{"x":[0.5],"y":[1]},"o":{"x":[0.5],"y":[0]},"t":0,"s":[131]},{"t":90,"s":[20]}],"ix":3},"y":{"a":0,"k":2,"ix":4}},"a":{"a":0,"k":[0,0,0],"ix":1,"l":2},"s":{"a":0,"k":[100,100,100],"ix":6,"l":2}},"ao":0,"shapes":[{"ty":"gr","it":[{"ty":"rc","d":1,"s":{"a":0,"k":[4,4],"ix":2},"p":{"a":0,"k":[0,0],"ix":3},"r":{"a":0,"k":0,"ix":4},"nm":"Rectangle Path 1","mn":"ADBE Vector Shape - Rect","hd":false},{"ty":"fl","c":{"a":0,"k":[0.960784313725,0.960784313725,0.960784313725,1],"ix":4},"o":{"a":0,"k":100,"ix":5},"r":1,"bm":0,"nm":"Fill 1","mn":"ADBE Vector Graphic - Fill","hd":false},{"ty":"tr","p":{"a":0,"k":[0,0],"ix":2},"a":{"a":0,"k":[0,0],"ix":1},"s":{"a":0,"k":[100,100],"ix":3},"r":{"a":0,"k":0,"ix":6},"o":{"a":0,"k":100,"ix":7},"sk":{"a":0,"k":0,"ix":4},"sa":{"a":0,"k":0,"ix":5},"nm":"Transform"}],"nm":"Rectangle 1","np":2,"cix":2,"bm":0,"ix":1,"mn":"ADBE Vector Group","hd":false}],"ip":0,"op":90,"st":0,"ct":1,"bm":0},{"ddd":0,"ind":3,"ty":4,"nm":"glitch 1","sr":1,"ks":{"o":{"a":1,"k":[{"t":0,"s":[0],"h":1},{"t":1,"s":[100],"h":1},{"t":76,"s":[0],"h":1},{"t":80,"s":[100],"h":1},{"t":82,"s":[0],"h":1}],"ix":11},"r":{"a":0,"k":0,"ix":10},"p":{"s":true,"x":{"a":0,"k":100,"ix":3},"y":{"a":0,"k":2,"ix":4}},"a":{"a":0,"k":[0,0,0],"ix":1,"l":2},"s":{"a":0,"k":[100,100,100],"ix":6,"l":2}},"ao":0,"shapes":[{"ty":"gr","it":[{"ty":"rc","d":1,"s":{"a":1,"k":[{"i":{"x":[0.5,0.5],"y":[1,1]},"o":{"x":[0.5,0.5],"y":[0,0]},"t":0,"s":[4,4]},{"i":{"x":[0.5,0.5],"y":[1,1]},"o":{"x":[0.5,0.5],"y":[0,0]},"t":40,"s":[200,4]},{"t":80,"s":[4,4]}],"ix":2},"p":{"a":0,"k":[0,0],"ix":3},"r":{"a":0,"k":0,"ix":4},"nm":"Rectangle Path 1","mn":"ADBE Vector Shape - Rect","hd":false},{"ty":"fl","c":{"a":0,"k":[0.960784373564,0.960784373564,0.960784373564,1],"ix":4},"o":{"a":0,"k":100,"ix":5},"r":1,"bm":0,"nm":"Fill 1","mn":"ADBE Vector Graphic - Fill","hd":false},{"ty":"tr","p":{"a":0,"k":[0,0],"ix":2},"a":{"a":0,"k":[0,0],"ix":1},"s":{"a":0,"k":[100,100],"ix":3},"r":{"a":0,"k":0,"ix":6},"o":{"a":0,"k":100,"ix":7},"sk":{"a":0,"k":0,"ix":4},"sa":{"a":0,"k":0,"ix":5},"nm":"Transform"}],"nm":"Rectangle 1","np":2,"cix":2,"bm":0,"ix":1,"mn":"ADBE Vector Group","hd":false}],"ip":0,"op":90,"st":0,"ct":1,"bm":0}]},{"id":"comp_10","nm":"Background - Glitch move 5","fr":30,"layers":[{"ddd":0,"ind":1,"ty":0,"nm":"Background - Glitch 20","refId":"comp_11","sr":1,"ks":{"o":{"a":0,"k":100,"ix":11},"r":{"a":0,"k":-90,"ix":10},"p":{"s":true,"x":{"a":0,"k":2,"ix":3},"y":{"a":1,"k":[{"i":{"x":[0.833],"y":[0.833]},"o":{"x":[0.167],"y":[0.167]},"t":0,"s":[1]},{"t":90,"s":[473]}],"ix":4}},"a":{"a":0,"k":[200,2,0],"ix":1,"l":2},"s":{"a":0,"k":[50,50,100],"ix":6,"l":2}},"ao":0,"w":400,"h":4,"ip":0,"op":90,"st":0,"bm":0}]},{"id":"comp_11","nm":"Background - Glitch 7","fr":30,"layers":[{"ddd":0,"ind":1,"ty":4,"nm":"glitch 2","sr":1,"ks":{"o":{"a":1,"k":[{"t":0,"s":[0],"h":1},{"t":25,"s":[100],"h":1},{"t":29,"s":[0],"h":1},{"t":33,"s":[100],"h":1},{"t":35,"s":[0],"h":1},{"t":37,"s":[100],"h":1},{"t":56,"s":[0],"h":1},{"t":60,"s":[100],"h":1},{"t":64,"s":[0],"h":1},{"t":68,"s":[100],"h":1},{"t":78,"s":[0],"h":1},{"t":82,"s":[100],"h":1},{"t":86,"s":[0],"h":1},{"t":88,"s":[100],"h":1},{"t":90,"s":[0],"h":1}],"ix":11},"r":{"a":0,"k":0,"ix":10},"p":{"s":true,"x":{"a":1,"k":[{"i":{"x":[0.833],"y":[0.833]},"o":{"x":[0.167],"y":[0.167]},"t":25,"s":[167]},{"t":90,"s":[398]}],"ix":3},"y":{"a":0,"k":2,"ix":4}},"a":{"a":0,"k":[0,0,0],"ix":1,"l":2},"s":{"a":0,"k":[100,100,100],"ix":6,"l":2}},"ao":0,"shapes":[{"ty":"gr","it":[{"ty":"rc","d":1,"s":{"a":0,"k":[4,4],"ix":2},"p":{"a":0,"k":[0,0],"ix":3},"r":{"a":0,"k":0,"ix":4},"nm":"Rectangle Path 1","mn":"ADBE Vector Shape - Rect","hd":false},{"ty":"fl","c":{"a":0,"k":[0.960784375668,0.960784375668,0.960784375668,1],"ix":4},"o":{"a":0,"k":100,"ix":5},"r":1,"bm":0,"nm":"Fill 1","mn":"ADBE Vector Graphic - Fill","hd":false},{"ty":"tr","p":{"a":0,"k":[0,0],"ix":2},"a":{"a":0,"k":[0,0],"ix":1},"s":{"a":0,"k":[100,100],"ix":3},"r":{"a":0,"k":0,"ix":6},"o":{"a":0,"k":100,"ix":7},"sk":{"a":0,"k":0,"ix":4},"sa":{"a":0,"k":0,"ix":5},"nm":"Transform"}],"nm":"Rectangle 1","np":2,"cix":2,"bm":0,"ix":1,"mn":"ADBE Vector Group","hd":false}],"ip":0,"op":90,"st":0,"ct":1,"bm":0},{"ddd":0,"ind":2,"ty":4,"nm":"glitch 1","sr":1,"ks":{"o":{"a":1,"k":[{"t":0,"s":[0],"h":1},{"t":1,"s":[100],"h":1},{"t":5,"s":[0],"h":1},{"t":7,"s":[100],"h":1},{"t":9,"s":[0],"h":1},{"t":11,"s":[100],"h":1},{"t":46,"s":[0],"h":1},{"t":50,"s":[100],"h":1},{"t":52,"s":[0],"h":1},{"t":56,"s":[100],"h":1},{"t":82,"s":[0],"h":1},{"t":84,"s":[100],"h":1},{"t":86,"s":[0],"h":1}],"ix":11},"r":{"a":0,"k":0,"ix":10},"p":{"s":true,"x":{"a":1,"k":[{"i":{"x":[0.833],"y":[0.833]},"o":{"x":[0.167],"y":[0.167]},"t":0,"s":[211]},{"t":90,"s":[10]}],"ix":3},"y":{"a":0,"k":2,"ix":4}},"a":{"a":0,"k":[0,0,0],"ix":1,"l":2},"s":{"a":0,"k":[100,100,100],"ix":6,"l":2}},"ao":0,"shapes":[{"ty":"gr","it":[{"ty":"rc","d":1,"s":{"a":1,"k":[{"i":{"x":[0.5,0.5],"y":[1,1]},"o":{"x":[0.5,0.5],"y":[0,0]},"t":0,"s":[4,4]},{"i":{"x":[0.5,0.5],"y":[1,1]},"o":{"x":[0.5,0.5],"y":[0,0]},"t":45,"s":[20,4]},{"t":90,"s":[4,4]}],"ix":2},"p":{"a":0,"k":[0,0],"ix":3},"r":{"a":0,"k":0,"ix":4},"nm":"Rectangle Path 1","mn":"ADBE Vector Shape - Rect","hd":false},{"ty":"fl","c":{"a":0,"k":[0.992156922817,0.466666698456,0.384313762188,1],"ix":4},"o":{"a":0,"k":100,"ix":5},"r":1,"bm":0,"nm":"Fill 1","mn":"ADBE Vector Graphic - Fill","hd":false},{"ty":"tr","p":{"a":0,"k":[0,0],"ix":2},"a":{"a":0,"k":[0,0],"ix":1},"s":{"a":0,"k":[100,100],"ix":3},"r":{"a":0,"k":0,"ix":6},"o":{"a":0,"k":100,"ix":7},"sk":{"a":0,"k":0,"ix":4},"sa":{"a":0,"k":0,"ix":5},"nm":"Transform"}],"nm":"Rectangle 2","np":2,"cix":2,"bm":0,"ix":1,"mn":"ADBE Vector Group","hd":false}],"ip":0,"op":90,"st":0,"ct":1,"bm":0}]},{"id":"comp_12","nm":"Background - Glitch move 7","fr":30,"layers":[{"ddd":0,"ind":1,"ty":0,"nm":"Background - Glitch 9","refId":"comp_13","sr":1,"ks":{"o":{"a":0,"k":100,"ix":11},"r":{"a":0,"k":90,"ix":10},"p":{"s":true,"x":{"a":0,"k":2,"ix":3},"y":{"a":1,"k":[{"i":{"x":[0.833],"y":[0.833]},"o":{"x":[0.167],"y":[0.167]},"t":0,"s":[47]},{"t":90,"s":[258]}],"ix":4}},"a":{"a":0,"k":[100,2,0],"ix":1,"l":2},"s":{"a":0,"k":[50,50,100],"ix":6,"l":2}},"ao":0,"w":200,"h":4,"ip":0,"op":90,"st":0,"bm":0}]},{"id":"comp_13","nm":"Background - Glitch 9","fr":30,"layers":[{"ddd":0,"ind":1,"ty":4,"nm":"glitch 1","sr":1,"ks":{"o":{"a":1,"k":[{"t":0,"s":[0],"h":1},{"t":1,"s":[100],"h":1},{"t":5,"s":[0],"h":1},{"t":9,"s":[100],"h":1},{"t":11,"s":[0],"h":1},{"t":13,"s":[100],"h":1},{"t":15,"s":[0],"h":1},{"t":17,"s":[100],"h":1},{"t":26,"s":[0],"h":1},{"t":28,"s":[100],"h":1},{"t":30,"s":[0],"h":1},{"t":32,"s":[100],"h":1},{"t":58,"s":[0],"h":1},{"t":62,"s":[100],"h":1},{"t":64,"s":[0],"h":1},{"t":66,"s":[100],"h":1},{"t":86,"s":[0],"h":1},{"t":88,"s":[100],"h":1},{"t":90,"s":[0],"h":1}],"ix":11},"r":{"a":0,"k":0,"ix":10},"p":{"s":true,"x":{"a":1,"k":[{"i":{"x":[0.833],"y":[0.833]},"o":{"x":[0.167],"y":[0.167]},"t":0,"s":[2]},{"t":90,"s":[198]}],"ix":3},"y":{"a":0,"k":2,"ix":4}},"a":{"a":0,"k":[0,0,0],"ix":1,"l":2},"s":{"a":0,"k":[100,100,100],"ix":6,"l":2}},"ao":0,"shapes":[{"ty":"gr","it":[{"ty":"gr","it":[{"ty":"rc","d":1,"s":{"a":0,"k":[4,4],"ix":2},"p":{"a":0,"k":[0,0],"ix":3},"r":{"a":0,"k":0,"ix":4},"nm":"Rectangle Path 1","mn":"ADBE Vector Shape - Rect","hd":false},{"ty":"fl","c":{"a":0,"k":[0.749019622803,0.623529434204,1,1],"ix":4},"o":{"a":0,"k":100,"ix":5},"r":1,"bm":0,"nm":"Fill 1","mn":"ADBE Vector Graphic - Fill","hd":false},{"ty":"tr","p":{"a":0,"k":[0,0],"ix":2},"a":{"a":0,"k":[0,0],"ix":1},"s":{"a":0,"k":[100,100],"ix":3},"r":{"a":0,"k":0,"ix":6},"o":{"a":0,"k":100,"ix":7},"sk":{"a":0,"k":0,"ix":4},"sa":{"a":0,"k":0,"ix":5},"nm":"Transform"}],"nm":"Rectangle 1","np":2,"cix":2,"bm":0,"ix":1,"mn":"ADBE Vector Group","hd":false},{"ty":"tr","p":{"a":0,"k":[0,0],"ix":2},"a":{"a":0,"k":[0,0],"ix":1},"s":{"a":0,"k":[100,100],"ix":3},"r":{"a":0,"k":0,"ix":6},"o":{"a":0,"k":100,"ix":7},"sk":{"a":0,"k":0,"ix":4},"sa":{"a":0,"k":0,"ix":5},"nm":"Transform"}],"nm":"Group 4","np":1,"cix":2,"bm":0,"ix":1,"mn":"ADBE Vector Group","hd":false}],"ip":0,"op":90,"st":0,"ct":1,"bm":0}]},{"id":"comp_14","nm":"Background - Glitch move 3","fr":30,"layers":[{"ddd":0,"ind":1,"ty":0,"nm":"Background - Glitch 5","refId":"comp_15","sr":1,"ks":{"o":{"a":0,"k":100,"ix":11},"r":{"a":0,"k":90,"ix":10},"p":{"s":true,"x":{"a":0,"k":2,"ix":3},"y":{"a":1,"k":[{"i":{"x":[0.833],"y":[0.833]},"o":{"x":[0.167],"y":[0.167]},"t":0,"s":[686.5]},{"t":90,"s":[42.5]}],"ix":4}},"a":{"a":0,"k":[100,2,0],"ix":1,"l":2},"s":{"a":0,"k":[50,50,100],"ix":6,"l":2}},"ao":0,"w":200,"h":4,"ip":0,"op":90,"st":0,"bm":0}]},{"id":"comp_15","nm":"Background - Glitch 5","fr":30,"layers":[{"ddd":0,"ind":1,"ty":4,"nm":"glitch 2","sr":1,"ks":{"o":{"a":1,"k":[{"t":0,"s":[0],"h":1},{"t":40,"s":[100],"h":1},{"t":47,"s":[0],"h":1},{"t":51,"s":[100],"h":1},{"t":53,"s":[0],"h":1},{"t":55,"s":[100],"h":1},{"t":74,"s":[0],"h":1},{"t":76,"s":[100],"h":1},{"t":78,"s":[0],"h":1},{"t":80,"s":[100],"h":1},{"t":82,"s":[0],"h":1}],"ix":11},"r":{"a":0,"k":0,"ix":10},"p":{"s":true,"x":{"a":1,"k":[{"i":{"x":[0.833],"y":[0.833]},"o":{"x":[0.167],"y":[0.167]},"t":40,"s":[111]},{"t":90,"s":[198]}],"ix":3},"y":{"a":0,"k":2,"ix":4}},"a":{"a":0,"k":[0,0,0],"ix":1,"l":2},"s":{"a":0,"k":[100,100,100],"ix":6,"l":2}},"ao":0,"shapes":[{"ty":"gr","it":[{"ty":"rc","d":1,"s":{"a":1,"k":[{"i":{"x":[0,0],"y":[1,1]},"o":{"x":[0.167,0.167],"y":[0.167,0]},"t":40,"s":[32,4]},{"t":65,"s":[8,4]}],"ix":2},"p":{"a":0,"k":[0,0],"ix":3},"r":{"a":0,"k":0,"ix":4},"nm":"Rectangle Path 1","mn":"ADBE Vector Shape - Rect","hd":false},{"ty":"fl","c":{"a":0,"k":[0.980392217636,0.796078503132,0.874509871006,1],"ix":4},"o":{"a":0,"k":100,"ix":5},"r":1,"bm":0,"nm":"Fill 1","mn":"ADBE Vector Graphic - Fill","hd":false},{"ty":"tr","p":{"a":0,"k":[0,0],"ix":2},"a":{"a":0,"k":[0,0],"ix":1},"s":{"a":0,"k":[100,100],"ix":3},"r":{"a":0,"k":0,"ix":6},"o":{"a":0,"k":100,"ix":7},"sk":{"a":0,"k":0,"ix":4},"sa":{"a":0,"k":0,"ix":5},"nm":"Transform"}],"nm":"Rectangle 1","np":2,"cix":2,"bm":0,"ix":1,"mn":"ADBE Vector Group","hd":false}],"ip":0,"op":300,"st":0,"ct":1,"bm":0},{"ddd":0,"ind":2,"ty":4,"nm":"glitch 1","sr":1,"ks":{"o":{"a":1,"k":[{"t":0,"s":[0],"h":1},{"t":1,"s":[100],"h":1},{"t":5,"s":[0],"h":1},{"t":9,"s":[100],"h":1},{"t":13,"s":[0],"h":1},{"t":17,"s":[100],"h":1},{"t":19,"s":[0],"h":1},{"t":21,"s":[100],"h":1},{"t":84,"s":[0],"h":1},{"t":86,"s":[100],"h":1},{"t":90,"s":[0],"h":1}],"ix":11},"r":{"a":0,"k":0,"ix":10},"p":{"s":true,"x":{"a":1,"k":[{"i":{"x":[0.833],"y":[0.833]},"o":{"x":[0.167],"y":[0.167]},"t":0,"s":[198]},{"t":90,"s":[2]}],"ix":3},"y":{"a":0,"k":2,"ix":4}},"a":{"a":0,"k":[0,0,0],"ix":1,"l":2},"s":{"a":0,"k":[100,100,100],"ix":6,"l":2}},"ao":0,"shapes":[{"ty":"gr","it":[{"ty":"rc","d":1,"s":{"a":1,"k":[{"i":{"x":[0.5,0.5],"y":[1,1]},"o":{"x":[0.167,0.167],"y":[0.167,0]},"t":0,"s":[4,4]},{"i":{"x":[0.833,0.833],"y":[0.833,1]},"o":{"x":[0.5,0.5],"y":[0,0]},"t":45,"s":[32,4]},{"t":90,"s":[4,4]}],"ix":2},"p":{"a":0,"k":[0,0],"ix":3},"r":{"a":0,"k":0,"ix":4},"nm":"Rectangle Path 1","mn":"ADBE Vector Shape - Rect","hd":false},{"ty":"fl","c":{"a":0,"k":[0.980392217636,0.796078503132,0.874509871006,1],"ix":4},"o":{"a":0,"k":100,"ix":5},"r":1,"bm":0,"nm":"Fill 1","mn":"ADBE Vector Graphic - Fill","hd":false},{"ty":"tr","p":{"a":0,"k":[0,0],"ix":2},"a":{"a":0,"k":[0,0],"ix":1},"s":{"a":0,"k":[100,100],"ix":3},"r":{"a":0,"k":0,"ix":6},"o":{"a":0,"k":100,"ix":7},"sk":{"a":0,"k":0,"ix":4},"sa":{"a":0,"k":0,"ix":5},"nm":"Transform"}],"nm":"Rectangle 2","np":2,"cix":2,"bm":0,"ix":1,"mn":"ADBE Vector Group","hd":false}],"ip":0,"op":300,"st":0,"ct":1,"bm":0}]},{"id":"comp_16","nm":"Background - Glitch move 15","fr":30,"layers":[{"ddd":0,"ind":1,"ty":0,"nm":"Background - Glitch 17","refId":"comp_3","sr":1,"ks":{"o":{"a":0,"k":100,"ix":11},"r":{"a":0,"k":0,"ix":10},"p":{"s":true,"x":{"a":1,"k":[{"i":{"x":[0.833],"y":[0.833]},"o":{"x":[0.167],"y":[0.167]},"t":0,"s":[42]},{"t":90,"s":[732]}],"ix":3},"y":{"a":0,"k":2,"ix":4}},"a":{"a":0,"k":[100,2,0],"ix":1,"l":2},"s":{"a":0,"k":[50,50,100],"ix":6,"l":2}},"ao":0,"w":200,"h":4,"ip":0,"op":90,"st":0,"bm":0}]},{"id":"comp_17","nm":"Background - Glitch move 11","fr":30,"layers":[{"ddd":0,"ind":1,"ty":0,"nm":"Background - Glitch 19","refId":"comp_11","sr":1,"ks":{"o":{"a":0,"k":100,"ix":11},"r":{"a":0,"k":180,"ix":10},"p":{"s":true,"x":{"a":1,"k":[{"i":{"x":[0.833],"y":[0.833]},"o":{"x":[0.167],"y":[0.167]},"t":0,"s":[1]},{"t":90,"s":[482]}],"ix":3},"y":{"a":0,"k":2.078,"ix":4}},"a":{"a":0,"k":[200,2,0],"ix":1,"l":2},"s":{"a":0,"k":[50,50,100],"ix":6,"l":2}},"ao":0,"w":400,"h":4,"ip":0,"op":90,"st":0,"bm":0}]},{"id":"comp_18","nm":"Background - Glitch move 10","fr":30,"layers":[{"ddd":0,"ind":1,"ty":0,"nm":"Background - Glitch 4","refId":"comp_19","sr":1,"ks":{"o":{"a":0,"k":100,"ix":11},"r":{"a":0,"k":0,"ix":10},"p":{"s":true,"x":{"a":1,"k":[{"i":{"x":[0.833],"y":[0.833]},"o":{"x":[0.167],"y":[0.167]},"t":0,"s":[95]},{"t":90,"s":[586]}],"ix":3},"y":{"a":0,"k":2,"ix":4}},"a":{"a":0,"k":[200,2,0],"ix":1,"l":2},"s":{"a":0,"k":[50,50,100],"ix":6,"l":2}},"ao":0,"w":400,"h":4,"ip":0,"op":90,"st":0,"bm":0}]},{"id":"comp_19","nm":"Background - Glitch 4","fr":30,"layers":[{"ddd":0,"ind":1,"ty":4,"nm":"glitch 2","sr":1,"ks":{"o":{"a":1,"k":[{"t":0,"s":[0],"h":1},{"t":22,"s":[100],"h":1},{"t":60,"s":[0],"h":1},{"t":64,"s":[100],"h":1},{"t":68,"s":[0],"h":1},{"t":70,"s":[100],"h":1},{"t":72,"s":[0],"h":1}],"ix":11},"r":{"a":0,"k":0,"ix":10},"p":{"s":true,"x":{"a":1,"k":[{"i":{"x":[0.5],"y":[1]},"o":{"x":[0.5],"y":[0]},"t":0,"s":[40]},{"t":90,"s":[333]}],"ix":3},"y":{"a":0,"k":2,"ix":4}},"a":{"a":0,"k":[0,0,0],"ix":1,"l":2},"s":{"a":0,"k":[100,100,100],"ix":6,"l":2}},"ao":0,"shapes":[{"ty":"gr","it":[{"ty":"rc","d":1,"s":{"a":1,"k":[{"i":{"x":[0.833,0.833],"y":[0.833,1]},"o":{"x":[0.5,0.5],"y":[0,0]},"t":0,"s":[4,4]},{"i":{"x":[0.5,0.5],"y":[1,1]},"o":{"x":[0.167,0.167],"y":[0.167,0]},"t":55,"s":[20,4]},{"t":80,"s":[4,4]}],"ix":2},"p":{"a":0,"k":[0,0],"ix":3},"r":{"a":0,"k":0,"ix":4},"nm":"Rectangle Path 1","mn":"ADBE Vector Shape - Rect","hd":false},{"ty":"fl","c":{"a":0,"k":[0.803921639919,0.960784375668,0.176470592618,1],"ix":4},"o":{"a":0,"k":100,"ix":5},"r":1,"bm":0,"nm":"Fill 1","mn":"ADBE Vector Graphic - Fill","hd":false},{"ty":"tr","p":{"a":0,"k":[0,0],"ix":2},"a":{"a":0,"k":[0,0],"ix":1},"s":{"a":0,"k":[100,100],"ix":3},"r":{"a":0,"k":0,"ix":6},"o":{"a":0,"k":100,"ix":7},"sk":{"a":0,"k":0,"ix":4},"sa":{"a":0,"k":0,"ix":5},"nm":"Transform"}],"nm":"Rectangle 2","np":2,"cix":2,"bm":0,"ix":1,"mn":"ADBE Vector Group","hd":false}],"ip":0,"op":300,"st":0,"ct":1,"bm":0},{"ddd":0,"ind":2,"ty":4,"nm":"glitch 1","sr":1,"ks":{"o":{"a":1,"k":[{"t":0,"s":[0],"h":1},{"t":1,"s":[100],"h":1},{"t":76,"s":[0],"h":1},{"t":80,"s":[100],"h":1},{"t":84,"s":[0],"h":1},{"t":86,"s":[100],"h":1},{"t":88,"s":[0],"h":1}],"ix":11},"r":{"a":0,"k":0,"ix":10},"p":{"s":true,"x":{"a":1,"k":[{"i":{"x":[0.5],"y":[1]},"o":{"x":[0.5],"y":[0]},"t":0,"s":[2]},{"t":90,"s":[398]}],"ix":3},"y":{"a":0,"k":2,"ix":4}},"a":{"a":0,"k":[0,0,0],"ix":1,"l":2},"s":{"a":0,"k":[100,100,100],"ix":6,"l":2}},"ao":0,"shapes":[{"ty":"gr","it":[{"ty":"rc","d":1,"s":{"a":1,"k":[{"i":{"x":[0.833,0.833],"y":[0.833,1]},"o":{"x":[0.5,0.5],"y":[0,0]},"t":0,"s":[4,4]},{"i":{"x":[0.5,0.5],"y":[1,1]},"o":{"x":[0.167,0.167],"y":[0.167,0]},"t":45,"s":[200,4]},{"t":90,"s":[4,4]}],"ix":2},"p":{"a":0,"k":[0,0],"ix":3},"r":{"a":0,"k":0,"ix":4},"nm":"Rectangle Path 1","mn":"ADBE Vector Shape - Rect","hd":false},{"ty":"fl","c":{"a":0,"k":[0.168627455831,0.168627455831,0.184313729405,1],"ix":4},"o":{"a":0,"k":100,"ix":5},"r":1,"bm":0,"nm":"Fill 1","mn":"ADBE Vector Graphic - Fill","hd":false},{"ty":"tr","p":{"a":0,"k":[0,0],"ix":2},"a":{"a":0,"k":[0,0],"ix":1},"s":{"a":0,"k":[100,100],"ix":3},"r":{"a":0,"k":0,"ix":6},"o":{"a":0,"k":100,"ix":7},"sk":{"a":0,"k":0,"ix":4},"sa":{"a":0,"k":0,"ix":5},"nm":"Transform"}],"nm":"Rectangle 1","np":2,"cix":2,"bm":0,"ix":1,"mn":"ADBE Vector Group","hd":false}],"ip":0,"op":300,"st":0,"ct":1,"bm":0}]},{"id":"comp_20","nm":"Background - Glitch move 14","fr":30,"layers":[{"ddd":0,"ind":1,"ty":0,"nm":"Background - Glitch 10","refId":"comp_1","sr":1,"ks":{"o":{"a":0,"k":100,"ix":11},"r":{"a":0,"k":90,"ix":10},"p":{"s":true,"x":{"a":0,"k":2,"ix":3},"y":{"a":1,"k":[{"i":{"x":[0.833],"y":[0.833]},"o":{"x":[0.167],"y":[0.167]},"t":0,"s":[25]},{"t":90,"s":[515]}],"ix":4}},"a":{"a":0,"k":[100,2,0],"ix":1,"l":2},"s":{"a":0,"k":[50,50,100],"ix":6,"l":2}},"ao":0,"w":200,"h":4,"ip":0,"op":90,"st":0,"bm":0}]},{"id":"comp_21","nm":"Background - Glitch move 9","fr":30,"layers":[{"ddd":0,"ind":1,"ty":0,"nm":"Background - Glitch 3","refId":"comp_22","sr":1,"ks":{"o":{"a":0,"k":100,"ix":11},"r":{"a":0,"k":90,"ix":10},"p":{"s":true,"x":{"a":0,"k":2,"ix":3},"y":{"a":1,"k":[{"i":{"x":[0.833],"y":[0.833]},"o":{"x":[0.167],"y":[0.167]},"t":0,"s":[374.5]},{"t":90,"s":[97.5]}],"ix":4}},"a":{"a":0,"k":[200,2,0],"ix":1,"l":2},"s":{"a":0,"k":[50,50,100],"ix":6,"l":2}},"ao":0,"w":400,"h":4,"ip":0,"op":90,"st":0,"bm":0}]},{"id":"comp_22","nm":"Background - Glitch 3","fr":30,"layers":[{"ddd":0,"ind":1,"ty":4,"nm":"glitch 3","sr":1,"ks":{"o":{"a":1,"k":[{"t":0,"s":[0],"h":1},{"t":30,"s":[100],"h":1},{"t":34,"s":[0],"h":1},{"t":38,"s":[100],"h":1},{"t":40,"s":[0],"h":1},{"t":42,"s":[100],"h":1},{"t":66,"s":[0],"h":1},{"t":70,"s":[100],"h":1},{"t":74,"s":[0],"h":1},{"t":76,"s":[100],"h":1},{"t":78,"s":[0],"h":1}],"ix":11},"r":{"a":0,"k":0,"ix":10},"p":{"s":true,"x":{"a":1,"k":[{"i":{"x":[0.5],"y":[1]},"o":{"x":[0.5],"y":[0]},"t":0,"s":[376]},{"t":90,"s":[289]}],"ix":3},"y":{"a":0,"k":2,"ix":4}},"a":{"a":0,"k":[0,0,0],"ix":1,"l":2},"s":{"a":0,"k":[100,100,100],"ix":6,"l":2}},"ao":0,"shapes":[{"ty":"gr","it":[{"ty":"rc","d":1,"s":{"a":0,"k":[4,4],"ix":2},"p":{"a":0,"k":[0,0],"ix":3},"r":{"a":0,"k":0,"ix":4},"nm":"Rectangle Path 1","mn":"ADBE Vector Shape - Rect","hd":false},{"ty":"fl","c":{"a":0,"k":[0.960784375668,0.960784375668,0.960784375668,1],"ix":4},"o":{"a":0,"k":100,"ix":5},"r":1,"bm":0,"nm":"Fill 1","mn":"ADBE Vector Graphic - Fill","hd":false},{"ty":"tr","p":{"a":0,"k":[0,0],"ix":2},"a":{"a":0,"k":[0,0],"ix":1},"s":{"a":0,"k":[100,100],"ix":3},"r":{"a":0,"k":0,"ix":6},"o":{"a":0,"k":100,"ix":7},"sk":{"a":0,"k":0,"ix":4},"sa":{"a":0,"k":0,"ix":5},"nm":"Transform"}],"nm":"Rectangle 3","np":2,"cix":2,"bm":0,"ix":1,"mn":"ADBE Vector Group","hd":false}],"ip":0,"op":300,"st":0,"ct":1,"bm":0},{"ddd":0,"ind":2,"ty":4,"nm":"glitch 2","sr":1,"ks":{"o":{"a":1,"k":[{"t":0,"s":[0],"h":1},{"t":38,"s":[100],"h":1},{"t":76,"s":[0],"h":1},{"t":80,"s":[100],"h":1},{"t":84,"s":[0],"h":1},{"t":86,"s":[100],"h":1},{"t":88,"s":[0],"h":1}],"ix":11},"r":{"a":0,"k":0,"ix":10},"p":{"s":true,"x":{"a":1,"k":[{"i":{"x":[0.5],"y":[1]},"o":{"x":[0.5],"y":[0]},"t":0,"s":[374]},{"t":90,"s":[182]}],"ix":3},"y":{"a":0,"k":2,"ix":4}},"a":{"a":0,"k":[0,0,0],"ix":1,"l":2},"s":{"a":0,"k":[100,100,100],"ix":6,"l":2}},"ao":0,"shapes":[{"ty":"gr","it":[{"ty":"rc","d":1,"s":{"a":1,"k":[{"i":{"x":[0.5,0.5],"y":[1,1]},"o":{"x":[0.167,0.167],"y":[0.167,0]},"t":20,"s":[4,4]},{"i":{"x":[0.5,0.5],"y":[1,1]},"o":{"x":[0.5,0.5],"y":[0,0]},"t":55,"s":[20,4]},{"t":90,"s":[4,4]}],"ix":2},"p":{"a":0,"k":[0,0],"ix":3},"r":{"a":0,"k":0,"ix":4},"nm":"Rectangle Path 1","mn":"ADBE Vector Shape - Rect","hd":false},{"ty":"fl","c":{"a":0,"k":[0.960784375668,0.960784375668,0.960784375668,1],"ix":4},"o":{"a":0,"k":100,"ix":5},"r":1,"bm":0,"nm":"Fill 1","mn":"ADBE Vector Graphic - Fill","hd":false},{"ty":"tr","p":{"a":0,"k":[0,0],"ix":2},"a":{"a":0,"k":[0,0],"ix":1},"s":{"a":0,"k":[100,100],"ix":3},"r":{"a":0,"k":0,"ix":6},"o":{"a":0,"k":100,"ix":7},"sk":{"a":0,"k":0,"ix":4},"sa":{"a":0,"k":0,"ix":5},"nm":"Transform"}],"nm":"Rectangle 2","np":2,"cix":2,"bm":0,"ix":1,"mn":"ADBE Vector Group","hd":false}],"ip":0,"op":300,"st":0,"ct":1,"bm":0},{"ddd":0,"ind":3,"ty":4,"nm":"glitch 1","sr":1,"ks":{"o":{"a":1,"k":[{"t":0,"s":[0],"h":1},{"t":1,"s":[100],"h":1},{"t":90,"s":[0],"h":1}],"ix":11},"r":{"a":0,"k":0,"ix":10},"p":{"s":true,"x":{"a":1,"k":[{"i":{"x":[0.5],"y":[1]},"o":{"x":[0.5],"y":[0]},"t":0,"s":[398]},{"t":90,"s":[2]}],"ix":3},"y":{"a":0,"k":2,"ix":4}},"a":{"a":0,"k":[0,0,0],"ix":1,"l":2},"s":{"a":0,"k":[100,100,100],"ix":6,"l":2}},"ao":0,"shapes":[{"ty":"gr","it":[{"ty":"rc","d":1,"s":{"a":1,"k":[{"i":{"x":[0.5,0.5],"y":[1,1]},"o":{"x":[0.5,0.5],"y":[0,0]},"t":0,"s":[4,4]},{"i":{"x":[0.5,0.5],"y":[1,1]},"o":{"x":[0.5,0.5],"y":[0,0]},"t":45,"s":[100,4]},{"t":90,"s":[4,4]}],"ix":2},"p":{"a":0,"k":[0,0],"ix":3},"r":{"a":0,"k":0,"ix":4},"nm":"Rectangle Path 1","mn":"ADBE Vector Shape - Rect","hd":false},{"ty":"fl","c":{"a":0,"k":[0.749019622803,0.623529434204,1,1],"ix":4},"o":{"a":0,"k":100,"ix":5},"r":1,"bm":0,"nm":"Fill 1","mn":"ADBE Vector Graphic - Fill","hd":false},{"ty":"tr","p":{"a":0,"k":[0,0],"ix":2},"a":{"a":0,"k":[0,0],"ix":1},"s":{"a":0,"k":[100,100],"ix":3},"r":{"a":0,"k":0,"ix":6},"o":{"a":0,"k":100,"ix":7},"sk":{"a":0,"k":0,"ix":4},"sa":{"a":0,"k":0,"ix":5},"nm":"Transform"}],"nm":"Rectangle 1","np":2,"cix":2,"bm":0,"ix":1,"mn":"ADBE Vector Group","hd":false}],"ip":0,"op":300,"st":0,"ct":1,"bm":0}]},{"id":"comp_23","nm":"Background - Glitch move 8","fr":30,"layers":[{"ddd":0,"ind":1,"ty":0,"nm":"Background - Glitch 15","refId":"comp_9","sr":1,"ks":{"o":{"a":0,"k":100,"ix":11},"r":{"a":0,"k":0,"ix":10},"p":{"s":true,"x":{"a":1,"k":[{"i":{"x":[0.833],"y":[0.833]},"o":{"x":[0.167],"y":[0.167]},"t":0,"s":[-3]},{"t":90,"s":[459]}],"ix":3},"y":{"a":0,"k":2,"ix":4}},"a":{"a":0,"k":[100,2,0],"ix":1,"l":2},"s":{"a":0,"k":[50,50,100],"ix":6,"l":2}},"ao":0,"w":200,"h":4,"ip":0,"op":90,"st":0,"bm":0}]},{"id":"comp_24","nm":"Background - Light 1","fr":30,"layers":[{"ddd":0,"ind":1,"ty":0,"nm":"Background - Glitch 4","parent":3,"refId":"comp_19","sr":1,"ks":{"o":{"a":0,"k":100,"ix":11},"r":{"a":0,"k":0,"ix":10},"p":{"s":true,"x":{"a":1,"k":[{"i":{"x":[0.5],"y":[1]},"o":{"x":[0.5],"y":[0]},"t":0,"s":[700]},{"t":160,"s":[-600]}],"ix":3},"y":{"a":0,"k":306,"ix":4}},"a":{"a":0,"k":[200,2,0],"ix":1,"l":2},"s":{"a":0,"k":[50,50,100],"ix":6,"l":2}},"ao":0,"tm":{"a":1,"k":[{"i":{"x":[0.833],"y":[0.833]},"o":{"x":[0.167],"y":[0.167]},"t":20,"s":[0]},{"t":110,"s":[3]}],"ix":2},"w":400,"h":4,"ip":0,"op":160,"st":0,"bm":0},{"ddd":0,"ind":2,"ty":0,"nm":"Background - Glitch 3","parent":3,"refId":"comp_22","sr":1,"ks":{"o":{"a":0,"k":100,"ix":11},"r":{"a":0,"k":0,"ix":10},"p":{"s":true,"x":{"a":1,"k":[{"i":{"x":[0.5],"y":[1]},"o":{"x":[0.5],"y":[0]},"t":0,"s":[683]},{"t":160,"s":[0]}],"ix":3},"y":{"a":0,"k":300,"ix":4}},"a":{"a":0,"k":[200,2,0],"ix":1,"l":2},"s":{"a":0,"k":[50,50,100],"ix":6,"l":2}},"ao":0,"tm":{"a":1,"k":[{"i":{"x":[0.833],"y":[0.833]},"o":{"x":[0.167],"y":[0.167]},"t":45,"s":[0]},{"t":135,"s":[3]}],"ix":2},"w":400,"h":4,"ip":0,"op":160,"st":0,"bm":0},{"ddd":0,"ind":3,"ty":0,"nm":"Background - Light","refId":"comp_25","sr":1,"ks":{"o":{"a":0,"k":100,"ix":11},"r":{"a":0,"k":0,"ix":10},"p":{"s":true,"x":{"a":1,"k":[{"i":{"x":[0.5],"y":[1]},"o":{"x":[0.5],"y":[0]},"t":0,"s":[0]},{"t":160,"s":[2520]}],"ix":3},"y":{"a":0,"k":300,"ix":4}},"a":{"a":0,"k":[683,300,0],"ix":1,"l":2},"s":{"a":0,"k":[100,100,100],"ix":6,"l":2}},"ao":0,"ef":[{"ty":21,"nm":"Fill","np":9,"mn":"ADBE Fill","ix":1,"en":1,"ef":[{"ty":10,"nm":"Fill Mask","mn":"ADBE Fill-0001","ix":1,"v":{"a":0,"k":0,"ix":1}},{"ty":7,"nm":"All Masks","mn":"ADBE Fill-0007","ix":2,"v":{"a":0,"k":0,"ix":2}},{"ty":2,"nm":"Color","mn":"ADBE Fill-0002","ix":3,"v":{"a":0,"k":[0.564705908298,0.741176486015,0.941176474094,1],"ix":3}},{"ty":7,"nm":"Invert","mn":"ADBE Fill-0006","ix":4,"v":{"a":0,"k":0,"ix":4}},{"ty":0,"nm":"Horizontal Feather","mn":"ADBE Fill-0003","ix":5,"v":{"a":0,"k":0,"ix":5}},{"ty":0,"nm":"Vertical Feather","mn":"ADBE Fill-0004","ix":6,"v":{"a":0,"k":0,"ix":6}},{"ty":0,"nm":"Opacity","mn":"ADBE Fill-0005","ix":7,"v":{"a":0,"k":1,"ix":7}}]}],"w":1366,"h":600,"ip":0,"op":160,"st":0,"bm":0}]},{"id":"comp_25","nm":"Background - Light","fr":30,"layers":[{"ddd":0,"ind":1,"ty":2,"nm":"line","refId":"image_0","sr":1,"ks":{"o":{"a":0,"k":100,"ix":11},"r":{"a":0,"k":0,"ix":10},"p":{"s":true,"x":{"a":0,"k":682,"ix":3},"y":{"a":0,"k":300,"ix":4}},"a":{"a":0,"k":[444,1,0],"ix":1,"l":2},"s":{"a":1,"k":[{"i":{"x":[0.35,0.35,0.35],"y":[1,1,1]},"o":{"x":[0.5,0.5,0.5],"y":[0,0,0]},"t":0,"s":[0,100,100]},{"i":{"x":[0.5,0.5,0.5],"y":[1,1,1]},"o":{"x":[0.5,0.5,0.5],"y":[0,0,0]},"t":80,"s":[100,100,100]},{"t":160,"s":[0,100,100]}],"ix":6,"l":2}},"ao":0,"ip":0,"op":160,"st":0,"bm":0},{"ddd":0,"ind":2,"ty":2,"nm":"light top noise 4","parent":5,"refId":"image_1","sr":1,"ks":{"o":{"a":1,"k":[{"t":0,"s":[0],"h":1},{"t":12,"s":[100],"h":1},{"t":16,"s":[0],"h":1},{"t":28,"s":[100],"h":1},{"t":32,"s":[0],"h":1},{"t":44,"s":[100],"h":1},{"t":48,"s":[0],"h":1},{"t":60,"s":[100],"h":1},{"t":64,"s":[0],"h":1},{"t":76,"s":[100],"h":1},{"t":80,"s":[0],"h":1},{"t":92,"s":[100],"h":1},{"t":96,"s":[0],"h":1},{"t":108,"s":[100],"h":1},{"t":112,"s":[0],"h":1},{"t":124,"s":[100],"h":1},{"t":128,"s":[0],"h":1},{"t":140,"s":[100],"h":1},{"t":144,"s":[0],"h":1},{"t":156,"s":[100],"h":1},{"t":160,"s":[0],"h":1},{"t":172,"s":[100],"h":1}],"ix":11},"r":{"a":0,"k":0,"ix":10},"p":{"s":true,"x":{"a":0,"k":683,"ix":3},"y":{"a":0,"k":276,"ix":4}},"a":{"a":0,"k":[683,276,0],"ix":1,"l":2},"s":{"a":0,"k":[100,100,100],"ix":6,"l":2}},"ao":0,"ip":0,"op":160,"st":0,"bm":0},{"ddd":0,"ind":3,"ty":2,"nm":"light top noise 3","parent":5,"refId":"image_2","sr":1,"ks":{"o":{"a":1,"k":[{"t":0,"s":[0],"h":1},{"t":8,"s":[100],"h":1},{"t":12,"s":[0],"h":1},{"t":24,"s":[100],"h":1},{"t":28,"s":[0],"h":1},{"t":40,"s":[100],"h":1},{"t":44,"s":[0],"h":1},{"t":56,"s":[100],"h":1},{"t":60,"s":[0],"h":1},{"t":72,"s":[100],"h":1},{"t":76,"s":[0],"h":1},{"t":88,"s":[100],"h":1},{"t":92,"s":[0],"h":1},{"t":104,"s":[100],"h":1},{"t":108,"s":[0],"h":1},{"t":120,"s":[100],"h":1},{"t":124,"s":[0],"h":1},{"t":136,"s":[100],"h":1},{"t":140,"s":[0],"h":1},{"t":152,"s":[100],"h":1},{"t":156,"s":[0],"h":1},{"t":168,"s":[100],"h":1}],"ix":11},"r":{"a":0,"k":0,"ix":10},"p":{"s":true,"x":{"a":0,"k":683,"ix":3},"y":{"a":0,"k":276,"ix":4}},"a":{"a":0,"k":[683,276,0],"ix":1,"l":2},"s":{"a":0,"k":[100,100,100],"ix":6,"l":2}},"ao":0,"ip":0,"op":160,"st":0,"bm":0},{"ddd":0,"ind":4,"ty":2,"nm":"light top noise 2","parent":5,"refId":"image_3","sr":1,"ks":{"o":{"a":1,"k":[{"t":0,"s":[0],"h":1},{"t":4,"s":[100],"h":1},{"t":8,"s":[0],"h":1},{"t":20,"s":[100],"h":1},{"t":24,"s":[0],"h":1},{"t":36,"s":[100],"h":1},{"t":40,"s":[0],"h":1},{"t":52,"s":[100],"h":1},{"t":56,"s":[0],"h":1},{"t":68,"s":[100],"h":1},{"t":72,"s":[0],"h":1},{"t":84,"s":[100],"h":1},{"t":88,"s":[0],"h":1},{"t":100,"s":[100],"h":1},{"t":104,"s":[0],"h":1},{"t":116,"s":[100],"h":1},{"t":120,"s":[0],"h":1},{"t":132,"s":[100],"h":1},{"t":136,"s":[0],"h":1},{"t":148,"s":[100],"h":1},{"t":152,"s":[0],"h":1},{"t":164,"s":[100],"h":1}],"ix":11},"r":{"a":0,"k":0,"ix":10},"p":{"s":true,"x":{"a":0,"k":683,"ix":3},"y":{"a":0,"k":276,"ix":4}},"a":{"a":0,"k":[683,276,0],"ix":1,"l":2},"s":{"a":0,"k":[100,100,100],"ix":6,"l":2}},"ao":0,"ip":0,"op":160,"st":0,"bm":0},{"ddd":0,"ind":5,"ty":2,"nm":"light top noise 1","refId":"image_4","sr":1,"ks":{"o":{"a":1,"k":[{"t":0,"s":[100],"h":1},{"t":4,"s":[0],"h":1},{"t":16,"s":[100],"h":1},{"t":20,"s":[0],"h":1},{"t":32,"s":[100],"h":1},{"t":36,"s":[0],"h":1},{"t":48,"s":[100],"h":1},{"t":52,"s":[0],"h":1},{"t":64,"s":[100],"h":1},{"t":68,"s":[0],"h":1},{"t":80,"s":[100],"h":1},{"t":84,"s":[0],"h":1},{"t":96,"s":[100],"h":1},{"t":100,"s":[0],"h":1},{"t":112,"s":[100],"h":1},{"t":116,"s":[0],"h":1},{"t":128,"s":[100],"h":1},{"t":132,"s":[0],"h":1},{"t":144,"s":[100],"h":1},{"t":148,"s":[0],"h":1},{"t":160,"s":[100],"h":1}],"ix":11},"r":{"a":0,"k":0,"ix":10},"p":{"s":true,"x":{"a":0,"k":683,"ix":3},"y":{"a":0,"k":299,"ix":4}},"a":{"a":0,"k":[683,276,0],"ix":1,"l":2},"s":{"a":1,"k":[{"i":{"x":[0.75,0.75,0.75],"y":[0.464,0.554,1]},"o":{"x":[0.5,0.5,0.5],"y":[0,0,0]},"t":20,"s":[20,0,100]},{"i":{"x":[0.5,0.5,0.5],"y":[1,1,1]},"o":{"x":[0.25,0.25,0.25],"y":[0.417,1.042,0]},"t":50,"s":[55,70,100]},{"i":{"x":[0.75,0.75,0.75],"y":[0.5,-0.25,1]},"o":{"x":[0.5,0.5,0.5],"y":[0,0,0]},"t":80,"s":[100,100,100]},{"i":{"x":[0.5,0.5,0.5],"y":[1,1,1]},"o":{"x":[0.25,0.25,0.25],"y":[0.643,0.536,0]},"t":110,"s":[55,70,100]},{"t":140,"s":[20,0,100]}],"ix":6,"l":2}},"ao":0,"ip":0,"op":160,"st":0,"bm":0},{"ddd":0,"ind":6,"ty":2,"nm":"light bottom noise 4","parent":9,"refId":"image_5","sr":1,"ks":{"o":{"a":1,"k":[{"t":0,"s":[0],"h":1},{"t":12,"s":[100],"h":1},{"t":16,"s":[0],"h":1},{"t":28,"s":[100],"h":1},{"t":32,"s":[0],"h":1},{"t":44,"s":[100],"h":1},{"t":48,"s":[0],"h":1},{"t":60,"s":[100],"h":1},{"t":64,"s":[0],"h":1},{"t":76,"s":[100],"h":1},{"t":80,"s":[0],"h":1},{"t":92,"s":[100],"h":1},{"t":96,"s":[0],"h":1},{"t":108,"s":[100],"h":1},{"t":112,"s":[0],"h":1},{"t":124,"s":[100],"h":1},{"t":128,"s":[0],"h":1},{"t":140,"s":[100],"h":1},{"t":144,"s":[0],"h":1},{"t":156,"s":[100],"h":1},{"t":160,"s":[0],"h":1},{"t":172,"s":[100],"h":1}],"ix":11},"r":{"a":0,"k":0,"ix":10},"p":{"s":true,"x":{"a":0,"k":683,"ix":3},"y":{"a":0,"k":0,"ix":4}},"a":{"a":0,"k":[683,0,0],"ix":1,"l":2},"s":{"a":0,"k":[100,100,100],"ix":6,"l":2}},"ao":0,"ip":0,"op":160,"st":0,"bm":0},{"ddd":0,"ind":7,"ty":2,"nm":"light bottom noise 3","parent":9,"refId":"image_6","sr":1,"ks":{"o":{"a":1,"k":[{"t":0,"s":[0],"h":1},{"t":8,"s":[100],"h":1},{"t":12,"s":[0],"h":1},{"t":24,"s":[100],"h":1},{"t":28,"s":[0],"h":1},{"t":40,"s":[100],"h":1},{"t":44,"s":[0],"h":1},{"t":56,"s":[100],"h":1},{"t":60,"s":[0],"h":1},{"t":72,"s":[100],"h":1},{"t":76,"s":[0],"h":1},{"t":88,"s":[100],"h":1},{"t":92,"s":[0],"h":1},{"t":104,"s":[100],"h":1},{"t":108,"s":[0],"h":1},{"t":120,"s":[100],"h":1},{"t":124,"s":[0],"h":1},{"t":136,"s":[100],"h":1},{"t":140,"s":[0],"h":1},{"t":152,"s":[100],"h":1},{"t":156,"s":[0],"h":1},{"t":168,"s":[100],"h":1}],"ix":11},"r":{"a":0,"k":0,"ix":10},"p":{"s":true,"x":{"a":0,"k":683,"ix":3},"y":{"a":0,"k":0,"ix":4}},"a":{"a":0,"k":[683,0,0],"ix":1,"l":2},"s":{"a":0,"k":[100,100,100],"ix":6,"l":2}},"ao":0,"ip":0,"op":160,"st":0,"bm":0},{"ddd":0,"ind":8,"ty":2,"nm":"light bottom noise 2","parent":9,"refId":"image_7","sr":1,"ks":{"o":{"a":1,"k":[{"t":0,"s":[0],"h":1},{"t":4,"s":[100],"h":1},{"t":8,"s":[0],"h":1},{"t":20,"s":[100],"h":1},{"t":24,"s":[0],"h":1},{"t":36,"s":[100],"h":1},{"t":40,"s":[0],"h":1},{"t":52,"s":[100],"h":1},{"t":56,"s":[0],"h":1},{"t":68,"s":[100],"h":1},{"t":72,"s":[0],"h":1},{"t":84,"s":[100],"h":1},{"t":88,"s":[0],"h":1},{"t":100,"s":[100],"h":1},{"t":104,"s":[0],"h":1},{"t":116,"s":[100],"h":1},{"t":120,"s":[0],"h":1},{"t":132,"s":[100],"h":1},{"t":136,"s":[0],"h":1},{"t":148,"s":[100],"h":1},{"t":152,"s":[0],"h":1},{"t":164,"s":[100],"h":1}],"ix":11},"r":{"a":0,"k":0,"ix":10},"p":{"s":true,"x":{"a":0,"k":683,"ix":3},"y":{"a":0,"k":0,"ix":4}},"a":{"a":0,"k":[683,0,0],"ix":1,"l":2},"s":{"a":0,"k":[100,100,100],"ix":6,"l":2}},"ao":0,"ip":0,"op":160,"st":0,"bm":0},{"ddd":0,"ind":9,"ty":2,"nm":"light bottom noise 1","refId":"image_8","sr":1,"ks":{"o":{"a":1,"k":[{"t":0,"s":[100],"h":1},{"t":4,"s":[0],"h":1},{"t":16,"s":[100],"h":1},{"t":20,"s":[0],"h":1},{"t":32,"s":[100],"h":1},{"t":36,"s":[0],"h":1},{"t":48,"s":[100],"h":1},{"t":52,"s":[0],"h":1},{"t":64,"s":[100],"h":1},{"t":68,"s":[0],"h":1},{"t":80,"s":[100],"h":1},{"t":84,"s":[0],"h":1},{"t":96,"s":[100],"h":1},{"t":100,"s":[0],"h":1},{"t":112,"s":[100],"h":1},{"t":116,"s":[0],"h":1},{"t":128,"s":[100],"h":1},{"t":132,"s":[0],"h":1},{"t":144,"s":[100],"h":1},{"t":148,"s":[0],"h":1},{"t":160,"s":[100],"h":1}],"ix":11},"r":{"a":0,"k":0,"ix":10},"p":{"s":true,"x":{"a":0,"k":683,"ix":3},"y":{"a":0,"k":299,"ix":4}},"a":{"a":0,"k":[683,0,0],"ix":1,"l":2},"s":{"a":1,"k":[{"i":{"x":[0.75,0.75,0.75],"y":[0.464,0.554,1]},"o":{"x":[0.5,0.5,0.5],"y":[0,0,0]},"t":20,"s":[20,0,100]},{"i":{"x":[0.5,0.5,0.5],"y":[1,1,1]},"o":{"x":[0.25,0.25,0.25],"y":[0.417,1.042,0]},"t":50,"s":[55,70,100]},{"i":{"x":[0.75,0.75,0.75],"y":[0.5,-0.25,1]},"o":{"x":[0.5,0.5,0.5],"y":[0,0,0]},"t":80,"s":[100,100,100]},{"i":{"x":[0.5,0.5,0.5],"y":[1,1,1]},"o":{"x":[0.25,0.25,0.25],"y":[0.643,0.536,0]},"t":110,"s":[55,70,100]},{"t":140,"s":[20,0,100]}],"ix":6,"l":2}},"ao":0,"ip":0,"op":160,"st":0,"bm":0}]},{"id":"comp_26","nm":"Background - Light 2","fr":30,"layers":[{"ddd":0,"ind":1,"ty":0,"nm":"Background - Light","refId":"comp_25","sr":1,"ks":{"o":{"a":0,"k":100,"ix":11},"r":{"a":0,"k":0,"ix":10},"p":{"s":true,"x":{"a":1,"k":[{"i":{"x":[0.5],"y":[1]},"o":{"x":[0.5],"y":[0]},"t":0,"s":[0]},{"t":160,"s":[2520]}],"ix":3},"y":{"a":0,"k":300,"ix":4}},"a":{"a":0,"k":[683,300,0],"ix":1,"l":2},"s":{"a":0,"k":[100,100,100],"ix":6,"l":2}},"ao":0,"w":1366,"h":600,"ip":0,"op":160,"st":0,"bm":0}]},{"id":"comp_27","nm":"Background - Light 3","fr":30,"layers":[{"ddd":0,"ind":1,"ty":0,"nm":"Background - Glitch 1","parent":2,"refId":"comp_9","sr":1,"ks":{"o":{"a":0,"k":100,"ix":11},"r":{"a":0,"k":0,"ix":10},"p":{"s":true,"x":{"a":1,"k":[{"i":{"x":[0.5],"y":[1]},"o":{"x":[0.5],"y":[0]},"t":60,"s":[683]},{"t":160,"s":[-108]}],"ix":3},"y":{"a":0,"k":300,"ix":4}},"a":{"a":0,"k":[100,2,0],"ix":1,"l":2},"s":{"a":0,"k":[50,50,100],"ix":6,"l":2}},"ao":0,"tm":{"a":1,"k":[{"i":{"x":[0.833],"y":[0.833]},"o":{"x":[0.167],"y":[0.167]},"t":30,"s":[0]},{"t":120,"s":[3]}],"ix":2},"w":200,"h":4,"ip":0,"op":160,"st":0,"bm":0},{"ddd":0,"ind":2,"ty":0,"nm":"Background - Light","refId":"comp_25","sr":1,"ks":{"o":{"a":0,"k":100,"ix":11},"r":{"a":0,"k":0,"ix":10},"p":{"s":true,"x":{"a":1,"k":[{"i":{"x":[0.5],"y":[1]},"o":{"x":[0.5],"y":[0]},"t":0,"s":[0]},{"t":160,"s":[2520]}],"ix":3},"y":{"a":0,"k":300,"ix":4}},"a":{"a":0,"k":[683,300,0],"ix":1,"l":2},"s":{"a":0,"k":[100,100,100],"ix":6,"l":2}},"ao":0,"w":1366,"h":600,"ip":0,"op":160,"st":0,"bm":0}]}],"layers":[{"ddd":0,"ind":1,"ty":0,"nm":"Background - Glitch move 13","refId":"comp_0","sr":1,"ks":{"o":{"a":0,"k":100,"ix":11},"r":{"a":0,"k":180,"ix":10},"p":{"a":0,"k":[491,352,0],"ix":2,"l":2},"a":{"a":0,"k":[2,278.5,0],"ix":1,"l":2},"s":{"a":0,"k":[100,100,100],"ix":6,"l":2}},"ao":0,"w":4,"h":557,"ip":700,"op":790,"st":700,"bm":0},{"ddd":0,"ind":2,"ty":0,"nm":"Background - Glitch move 6","refId":"comp_2","sr":1,"ks":{"o":{"a":0,"k":100,"ix":11},"r":{"a":0,"k":90,"ix":10},"p":{"a":0,"k":[1682,2058,0],"ix":2,"l":2},"a":{"a":0,"k":[387,2,0],"ix":1,"l":2},"s":{"a":0,"k":[100,100,100],"ix":6,"l":2}},"ao":0,"w":774,"h":4,"ip":627,"op":717,"st":627,"bm":0},{"ddd":0,"ind":3,"ty":0,"nm":"Background - Glitch move 12","refId":"comp_4","sr":1,"ks":{"o":{"a":0,"k":100,"ix":11},"r":{"a":0,"k":90,"ix":10},"p":{"a":0,"k":[902,615,0],"ix":2,"l":2},"a":{"a":0,"k":[2,278.5,0],"ix":1,"l":2},"s":{"a":0,"k":[100,100,100],"ix":6,"l":2}},"ao":0,"w":4,"h":557,"ip":13,"op":103,"st":13,"bm":0},{"ddd":0,"ind":4,"ty":0,"nm":"Background - Glitch move 4","refId":"comp_5","sr":1,"ks":{"o":{"a":0,"k":100,"ix":11},"r":{"a":0,"k":270,"ix":10},"p":{"a":0,"k":[2156,2028,0],"ix":2,"l":2},"a":{"a":0,"k":[2,278.5,0],"ix":1,"l":2},"s":{"a":0,"k":[100,100,100],"ix":6,"l":2}},"ao":0,"w":4,"h":557,"ip":552,"op":642,"st":552,"bm":0},{"ddd":0,"ind":5,"ty":0,"nm":"Background - Glitch move 2","refId":"comp_6","sr":1,"ks":{"o":{"a":0,"k":100,"ix":11},"r":{"a":0,"k":0,"ix":10},"p":{"a":0,"k":[1768,350,0],"ix":2,"l":2},"a":{"a":0,"k":[275.5,1,0],"ix":1,"l":2},"s":{"a":0,"k":[100,100,100],"ix":6,"l":2}},"ao":0,"w":551,"h":2,"ip":342,"op":432,"st":342,"bm":0},{"ddd":0,"ind":6,"ty":0,"nm":"Background - Glitch move 1","refId":"comp_8","sr":1,"ks":{"o":{"a":0,"k":100,"ix":11},"r":{"a":0,"k":0,"ix":10},"p":{"a":0,"k":[1942,2262,0],"ix":2,"l":2},"a":{"a":0,"k":[207,1,0],"ix":1,"l":2},"s":{"a":0,"k":[100,100,100],"ix":6,"l":2}},"ao":0,"w":414,"h":2,"ip":74,"op":164,"st":74,"bm":0},{"ddd":0,"ind":7,"ty":0,"nm":"Background - Glitch move 5","refId":"comp_10","sr":1,"ks":{"o":{"a":0,"k":100,"ix":11},"r":{"a":0,"k":0,"ix":10},"p":{"a":0,"k":[444,934,0],"ix":2,"l":2},"a":{"a":0,"k":[2,269,0],"ix":1,"l":2},"s":{"a":0,"k":[100,100,100],"ix":6,"l":2}},"ao":0,"w":4,"h":538,"ip":0,"op":50,"st":-40,"bm":0},{"ddd":0,"ind":8,"ty":0,"nm":"Background - Glitch move 5","refId":"comp_10","sr":1,"ks":{"o":{"a":0,"k":100,"ix":11},"r":{"a":0,"k":0,"ix":10},"p":{"a":0,"k":[444,934,0],"ix":2,"l":2},"a":{"a":0,"k":[2,269,0],"ix":1,"l":2},"s":{"a":0,"k":[100,100,100],"ix":6,"l":2}},"ao":0,"w":4,"h":538,"ip":860,"op":900,"st":860,"bm":0},{"ddd":0,"ind":9,"ty":0,"nm":"Background - Glitch move 7","refId":"comp_12","sr":1,"ks":{"o":{"a":0,"k":100,"ix":11},"r":{"a":0,"k":0,"ix":10},"p":{"a":0,"k":[960,1908,0],"ix":2,"l":2},"a":{"a":0,"k":[2,152.5,0],"ix":1,"l":2},"s":{"a":0,"k":[100,100,100],"ix":6,"l":2}},"ao":0,"w":4,"h":305,"ip":810,"op":900,"st":810,"bm":0},{"ddd":0,"ind":10,"ty":0,"nm":"Background - Glitch move 3","refId":"comp_14","sr":1,"ks":{"o":{"a":0,"k":100,"ix":11},"r":{"a":0,"k":90,"ix":10},"p":{"a":0,"k":[499,1931,0],"ix":2,"l":2},"a":{"a":0,"k":[2,364.5,0],"ix":1,"l":2},"s":{"a":0,"k":[100,100,100],"ix":6,"l":2}},"ao":0,"w":4,"h":729,"ip":397,"op":487,"st":397,"bm":0},{"ddd":0,"ind":11,"ty":0,"nm":"Background - Glitch move 15","refId":"comp_16","sr":1,"ks":{"o":{"a":0,"k":100,"ix":11},"r":{"a":0,"k":180,"ix":10},"p":{"a":0,"k":[2094,2018,0],"ix":2,"l":2},"a":{"a":0,"k":[387,2,0],"ix":1,"l":2},"s":{"a":0,"k":[100,100,100],"ix":6,"l":2}},"ao":0,"w":774,"h":4,"ip":478,"op":568,"st":478,"bm":0},{"ddd":0,"ind":12,"ty":0,"nm":"Background - Glitch move 11","refId":"comp_17","sr":1,"ks":{"o":{"a":0,"k":100,"ix":11},"r":{"a":0,"k":180,"ix":10},"p":{"a":0,"k":[487,341,0],"ix":2,"l":2},"a":{"a":0,"k":[273,2,0],"ix":1,"l":2},"s":{"a":0,"k":[100,100,100],"ix":6,"l":2}},"ao":0,"w":546,"h":4,"ip":789,"op":879,"st":789,"bm":0},{"ddd":0,"ind":13,"ty":0,"nm":"Background - Glitch move 10","refId":"comp_18","sr":1,"ks":{"o":{"a":0,"k":100,"ix":11},"r":{"a":0,"k":270,"ix":10},"p":{"a":0,"k":[1210,352,0],"ix":2,"l":2},"a":{"a":0,"k":[335,2,0],"ix":1,"l":2},"s":{"a":0,"k":[100,100,100],"ix":6,"l":2}},"ao":0,"w":670,"h":4,"ip":480,"op":570,"st":480,"bm":0},{"ddd":0,"ind":14,"ty":0,"nm":"Background - Glitch move 14","refId":"comp_20","sr":1,"ks":{"o":{"a":0,"k":100,"ix":11},"r":{"a":0,"k":0,"ix":10},"p":{"a":0,"k":[974,1465,0],"ix":2,"l":2},"a":{"a":0,"k":[2,278.5,0],"ix":1,"l":2},"s":{"a":0,"k":[100,100,100],"ix":6,"l":2}},"ao":0,"w":4,"h":557,"ip":69,"op":159,"st":69,"bm":0},{"ddd":0,"ind":15,"ty":0,"nm":"Background - Glitch move 9","refId":"comp_21","sr":1,"ks":{"o":{"a":0,"k":100,"ix":11},"r":{"a":0,"k":0,"ix":10},"p":{"a":0,"k":[2294,2150,0],"ix":2,"l":2},"a":{"a":0,"k":[2,236,0],"ix":1,"l":2},"s":{"a":0,"k":[100,100,100],"ix":6,"l":2}},"ao":0,"w":4,"h":472,"ip":288,"op":378,"st":288,"bm":0},{"ddd":0,"ind":16,"ty":0,"nm":"Background - Glitch move 8","refId":"comp_23","sr":1,"ks":{"o":{"a":0,"k":100,"ix":11},"r":{"a":0,"k":90,"ix":10},"p":{"a":0,"k":[1731,930,0],"ix":2,"l":2},"a":{"a":0,"k":[207,2,0],"ix":1,"l":2},"s":{"a":0,"k":[100,100,100],"ix":6,"l":2}},"ao":0,"w":414,"h":4,"ip":334,"op":424,"st":334,"bm":0},{"ddd":0,"ind":17,"ty":0,"nm":"Background - Light 12","refId":"comp_24","sr":1,"ks":{"o":{"a":0,"k":100,"ix":11},"r":{"a":0,"k":-90,"ix":10},"p":{"a":0,"k":[1362,1300,0],"ix":2,"l":2},"a":{"a":0,"k":[1260,300,0],"ix":1,"l":2},"s":{"a":0,"k":[-100,100,100],"ix":6,"l":2}},"ao":0,"w":2520,"h":600,"ip":675,"op":835,"st":675,"bm":0},{"ddd":0,"ind":18,"ty":0,"nm":"Background - Light 4","refId":"comp_24","sr":1,"ks":{"o":{"a":0,"k":100,"ix":11},"r":{"a":0,"k":-90,"ix":10},"p":{"a":0,"k":[432,1300,0],"ix":2,"l":2},"a":{"a":0,"k":[1260,300,0],"ix":1,"l":2},"s":{"a":0,"k":[-100,100,100],"ix":6,"l":2}},"ao":0,"w":2520,"h":600,"ip":140,"op":300,"st":140,"bm":0},{"ddd":0,"ind":19,"ty":0,"nm":"Background - Light 9","refId":"comp_26","sr":1,"ks":{"o":{"a":0,"k":100,"ix":11},"r":{"a":0,"k":90,"ix":10},"p":{"a":0,"k":[1985,1300,0],"ix":2,"l":2},"a":{"a":0,"k":[1260,300,0],"ix":1,"l":2},"s":{"a":0,"k":[-100,100,100],"ix":6,"l":2}},"ao":0,"w":2520,"h":600,"ip":565,"op":725,"st":565,"bm":0},{"ddd":0,"ind":20,"ty":0,"nm":"Background - Light 5","refId":"comp_24","sr":1,"ks":{"o":{"a":0,"k":100,"ix":11},"r":{"a":0,"k":0,"ix":10},"p":{"a":0,"k":[1260,1750,0],"ix":2,"l":2},"a":{"a":0,"k":[1260,300,0],"ix":1,"l":2},"s":{"a":0,"k":[100,100,100],"ix":6,"l":2}},"ao":0,"w":2520,"h":600,"ip":610,"op":770,"st":610,"bm":0},{"ddd":0,"ind":21,"ty":0,"nm":"Background - Light 8","refId":"comp_27","sr":1,"ks":{"o":{"a":0,"k":100,"ix":11},"r":{"a":0,"k":0,"ix":10},"p":{"a":0,"k":[1260,307,0],"ix":2,"l":2},"a":{"a":0,"k":[1260,300,0],"ix":1,"l":2},"s":{"a":0,"k":[-100,100,100],"ix":6,"l":2}},"ao":0,"w":2520,"h":600,"ip":328,"op":488,"st":328,"bm":0},{"ddd":0,"ind":22,"ty":0,"nm":"Background - Light 10","refId":"comp_26","sr":1,"ks":{"o":{"a":0,"k":100,"ix":11},"r":{"a":0,"k":0,"ix":10},"p":{"a":0,"k":[1260,621,0],"ix":2,"l":2},"a":{"a":0,"k":[1260,300,0],"ix":1,"l":2},"s":{"a":0,"k":[-100,100,100],"ix":6,"l":2}},"ao":0,"w":2520,"h":600,"ip":5,"op":165,"st":5,"bm":0},{"ddd":0,"ind":23,"ty":0,"nm":"Background - Light 11","refId":"comp_27","sr":1,"ks":{"o":{"a":0,"k":100,"ix":11},"r":{"a":0,"k":30,"ix":10},"p":{"a":0,"k":[1260,1618,0],"ix":2,"l":2},"a":{"a":0,"k":[1260,300,0],"ix":1,"l":2},"s":{"a":0,"k":[100,100,100],"ix":6,"l":2}},"ao":0,"w":2520,"h":600,"ip":531,"op":691,"st":531,"bm":0},{"ddd":0,"ind":24,"ty":0,"nm":"Background - Light 7","refId":"comp_27","sr":1,"ks":{"o":{"a":0,"k":100,"ix":11},"r":{"a":0,"k":30,"ix":10},"p":{"a":0,"k":[1260,1503,0],"ix":2,"l":2},"a":{"a":0,"k":[1260,300,0],"ix":1,"l":2},"s":{"a":0,"k":[100,100,100],"ix":6,"l":2}},"ao":0,"w":2520,"h":600,"ip":281,"op":441,"st":281,"bm":0},{"ddd":0,"ind":25,"ty":0,"nm":"Background - Light 6","refId":"comp_24","sr":1,"ks":{"o":{"a":0,"k":100,"ix":11},"r":{"a":0,"k":-30,"ix":10},"p":{"a":0,"k":[1260,1157,0],"ix":2,"l":2},"a":{"a":0,"k":[1260,300,0],"ix":1,"l":2},"s":{"a":0,"k":[100,-100,100],"ix":6,"l":2}},"ao":0,"w":2520,"h":600,"ip":43,"op":203,"st":43,"bm":0},{"ddd":0,"ind":26,"ty":2,"nm":"grid reference","refId":"image_9","sr":1,"ks":{"o":{"a":0,"k":100,"ix":11},"r":{"a":0,"k":0,"ix":10},"p":{"s":true,"x":{"a":0,"k":1260,"ix":3},"y":{"a":0,"k":1143,"ix":4}},"a":{"a":0,"k":[960,540,0],"ix":1,"l":2},"s":{"a":0,"k":[100,100,100],"ix":6,"l":2}},"ao":0,"ip":0,"op":900,"st":0,"bm":0},{"ddd":0,"ind":27,"ty":4,"nm":"background","sr":1,"ks":{"o":{"a":0,"k":100,"ix":11},"r":{"a":0,"k":0,"ix":10},"p":{"s":true,"x":{"a":0,"k":1260,"ix":3},"y":{"a":0,"k":1300,"ix":4}},"a":{"a":0,"k":[0,0,0],"ix":1,"l":2},"s":{"a":0,"k":[100,100,100],"ix":6,"l":2}},"ao":0,"shapes":[{"ty":"gr","it":[{"ty":"rc","d":1,"s":{"a":0,"k":[2520,2600],"ix":2},"p":{"a":0,"k":[0,0],"ix":3},"r":{"a":0,"k":0,"ix":4},"nm":"Rectangle Path 1","mn":"ADBE Vector Shape - Rect","hd":false},{"ty":"fl","c":{"a":0,"k":[0.078431375325,0.078431375325,0.09411765635,1],"ix":4},"o":{"a":0,"k":100,"ix":5},"r":1,"bm":0,"nm":"Fill 1","mn":"ADBE Vector Graphic - Fill","hd":false},{"ty":"tr","p":{"a":0,"k":[0,0],"ix":2},"a":{"a":0,"k":[0,0],"ix":1},"s":{"a":0,"k":[100,100],"ix":3},"r":{"a":0,"k":0,"ix":6},"o":{"a":0,"k":100,"ix":7},"sk":{"a":0,"k":0,"ix":4},"sa":{"a":0,"k":0,"ix":5},"nm":"Transform"}],"nm":"Rectangle 1","np":2,"cix":2,"bm":0,"ix":1,"mn":"ADBE Vector Group","hd":false}],"ip":0,"op":900,"st":0,"ct":1,"bm":0}],"markers":[]}